ctime,schemaname,relname,seq_scan,seq_tup_read,idx_scan,idx_tup_fetch,n_tup_ins,n_tup_upd,n_tup_del,n_tup_hot_upd,n_live_tup,n_dead_tup,heap_blks_read,heap_blks_hit,idx_blks_read,idx_blks_hit,toast_blks_read,toast_blks_hit,tidx_blks_read,tidx_blks_hit
1416262201.15268,pg_catalog,pg_auth_members,0,0,0,0,0,0,0,0,0,0,0,0,0,0,,,,
1416262201.15268,pg_catalog,pg_operator,0,0,202633,845241,0,0,0,0,0,0,60292,550208,45596,410194,,,,
1416262201.15268,pg_catalog,pg_aggregate,0,0,13531,13531,0,0,0,0,0,0,4549,8982,9091,15147,,,,
1416262201.15268,pg_catalog,pg_pltemplate,0,0,0,0,0,0,0,0,0,0,0,0,0,0,,,,
1416262201.15268,pg_toast,pg_toast_12188,0,0,0,0,0,0,0,0,0,0,0,0,0,0,,,,
1416262201.15268,pg_catalog,pg_description,0,0,3311,0,0,0,0,0,0,0,0,0,1277,6054,0,0,0,0
1416262201.15268,pg_catalog,pg_language,0,0,0,0,0,0,0,0,0,0,0,0,0,0,,,,
1416262201.15268,public,time_statistics,0,0,,,1,0,0,0,1,0,1,0,,,,,,
1416262201.15268,pg_catalog,pg_ts_parser,0,0,0,0,0,0,0,0,0,0,0,0,0,0,,,,
1416262201.15268,pg_catalog,pg_shseclabel,0,0,0,0,0,0,0,0,0,0,0,0,0,0,,,,
1416262201.15268,pg_catalog,pg_foreign_table,0,0,0,0,0,0,0,0,0,0,0,0,0,0,,,,
1416262201.15268,information_schema,sql_packages,0,0,,,0,0,0,0,0,0,0,0,,,0,0,0,0
1416262201.15268,information_schema,sql_parts,0,0,,,0,0,0,0,0,0,0,0,,,0,0,0,0
1416262201.15268,pg_catalog,pg_attrdef,0,0,0,0,0,0,0,0,0,0,0,0,0,0,0,0,0,0
1416262201.15268,pg_catalog,pg_ts_template,0,0,0,0,0,0,0,0,0,0,0,0,0,0,,,,
1416262201.15268,pg_catalog,pg_foreign_server,0,0,0,0,0,0,0,0,0,0,0,0,0,0,,,,
1416262201.15268,pg_catalog,pg_default_acl,0,0,2876,0,0,0,0,0,0,0,0,0,351,2525,,,,
1416262201.15268,pg_toast,pg_toast_12198,0,0,0,0,0,0,0,0,0,0,0,0,0,0,,,,
1416262201.15268,pg_toast,pg_toast_12208,0,0,0,0,0,0,0,0,0,0,0,0,0,0,,,,
1416262201.15268,public,region,0,0,,,5,0,0,0,5,0,1,0,,,,,,
1416262201.15268,pg_catalog,pg_attribute,2860,18980,873199,1687913,5538,190,5404,154,2381,606,92215,846595,43628,1765506,,,,
1416262201.15268,pg_catalog,pg_statistic,0,0,199694,148420,1248,2942,1248,2540,448,217,38183,119339,20761,409608,1518,2491,1822,3286
1416262201.15268,pg_toast,pg_toast_12203,0,0,0,0,0,0,0,0,0,0,0,0,0,0,,,,
1416262201.15268,pg_toast,pg_toast_2618,0,0,11854,38497,0,0,0,0,0,0,9289,11427,3623,14215,,,,
1416262201.15268,pg_toast,pg_toast_3596,0,0,0,0,0,0,0,0,0,0,0,0,0,0,,,,
1416262201.15268,pg_catalog,pg_depend,0,0,30421,32824,5590,0,5561,0,5546,146,5813,38028,10304,76680,,,,
1416262201.15268,information_schema,sql_languages,0,0,,,0,0,0,0,0,0,0,0,,,0,0,0,0
1416262201.15268,pg_catalog,pg_opclass,520,520,165917,1804165,0,0,0,0,0,0,13221,612358,25874,192930,,,,
1416262201.15268,pg_catalog,pg_proc,0,0,372196,547606,0,0,0,0,0,0,69593,359158,68924,755359,0,0,0,0
1416262201.15268,information_schema,sql_implementation_info,0,0,,,0,0,0,0,0,0,0,0,,,0,0,0,0
1416262201.15268,pg_catalog,pg_trigger,0,0,0,0,0,0,0,0,0,0,0,0,0,0,0,0,0,0
1416262201.15268,pg_catalog,pg_am,36955,36955,0,0,0,0,0,0,0,0,7760,29195,0,0,,,,
1416262201.15268,pg_catalog,pg_largeobject_metadata,0,0,0,0,0,0,0,0,0,0,0,0,0,0,,,,
1416262201.15268,pg_catalog,pg_ts_config_map,0,0,0,0,0,0,0,0,0,0,0,0,0,0,,,,
1416262201.15268,pg_catalog,pg_type,0,0,692946,687781,1418,0,1399,0,349,138,23267,670796,29063,1381300,,,,
1416262201.15268,pg_catalog,pg_shdepend,0,0,4060,748,0,0,0,0,0,0,348,400,1569,3921,,,,
1416262201.15268,information_schema,sql_sizing,0,0,,,0,0,0,0,0,0,0,0,,,0,0,0,0
1416262201.15268,public,customer,0,0,,,0,0,0,0,0,0,0,0,,,,,,
1416262201.15268,public,supplier,0,0,,,0,0,0,0,0,0,0,0,,,,,,
1416262201.15268,public,nation,0,0,,,25,0,0,0,25,0,1,0,,,,,,
1416262201.15268,pg_catalog,pg_conversion,0,0,0,0,0,0,0,0,0,0,0,0,0,0,,,,
1416262201.15268,pg_catalog,pg_foreign_data_wrapper,0,0,0,0,0,0,0,0,0,0,0,0,0,0,,,,
1416262201.15268,pg_catalog,pg_opfamily,0,0,0,0,0,0,0,0,0,0,0,0,0,0,,,,
1416262201.15268,pg_catalog,pg_shdescription,0,0,0,0,0,0,0,0,0,0,0,0,0,0,0,0,0,0
1416262201.15268,pg_catalog,pg_tablespace,2,4,27152,27152,0,0,0,0,0,0,6145,21009,12324,41980,,,,
1416262201.15268,pg_catalog,pg_inherits,0,0,709,0,0,0,0,0,0,0,0,0,353,356,,,,
1416262201.15268,pg_toast,pg_toast_2606,0,0,0,0,0,0,0,0,0,0,0,0,0,0,,,,
1416262201.15268,pg_toast,pg_toast_2964,0,0,0,0,0,0,0,0,0,0,0,0,0,0,,,,
1416262201.15268,pg_catalog,pg_database,8867,35030,163142,163140,1,0,0,0,1,0,8145,163863,36652,204881,,,,
1416262201.15268,pg_toast,pg_toast_2620,0,0,0,0,0,0,0,0,0,0,0,0,0,0,,,,
1416262201.15268,pg_toast,pg_toast_12213,0,0,0,0,0,0,0,0,0,0,0,0,0,0,,,,
1416262201.15268,pg_catalog,pg_amproc,520,1040,129743,192945,0,0,0,0,0,0,9707,118526,26540,269205,,,,
1416262201.15268,pg_catalog,pg_collation,0,0,0,0,0,0,0,0,0,0,0,0,0,0,,,,
1416262201.15268,pg_catalog,pg_constraint,0,0,304,152,152,0,152,0,2,40,85,854,154,1526,0,0,0,0
1416262201.15268,pg_catalog,pg_range,0,0,4765,0,0,0,0,0,0,0,0,0,6931,2599,,,,
1416262201.15268,pg_catalog,pg_user_mapping,0,0,0,0,0,0,0,0,0,0,0,0,0,0,,,,
1416262201.15268,public,partsupp,0,0,,,0,0,0,0,0,0,0,0,,,,,,
1416262201.15268,pg_catalog,pg_largeobject,0,0,0,0,0,0,0,0,0,0,0,0,0,0,,,,
1416262201.15268,pg_catalog,pg_namespace,6263,168132,462833,429551,28,0,0,0,28,0,6744,429141,17326,484081,,,,
1416262201.15268,pg_catalog,pg_authid,3081,3081,66963,66963,0,0,0,0,0,0,6950,63094,25822,108104,,,,
1416262201.15268,pg_toast,pg_toast_12193,0,0,0,0,0,0,0,0,0,0,0,0,0,0,,,,
1416262201.15268,pg_catalog,pg_index,13617,1622897,287177,408321,696,0,696,0,110,75,29456,402891,28187,320670,,,,
1416262201.15268,pg_catalog,pg_ts_dict,0,0,0,0,0,0,0,0,0,0,0,0,0,0,,,,
1416262201.15268,information_schema,sql_features,0,0,,,0,0,0,0,0,0,0,0,,,0,0,0,0
1416262201.15268,public,part,0,0,,,0,0,0,0,0,0,0,0,,,,,,
1416262201.15268,pg_catalog,pg_class,35379,8860149,1333102,1292844,1415,355,1405,341,298,58,72360,1566480,60428,2664301,,,,
1416262201.15268,pg_toast,pg_toast_12183,0,0,0,0,0,0,0,0,0,0,0,0,0,0,,,,
1416262201.15268,information_schema,sql_sizing_profiles,0,0,,,0,0,0,0,0,0,0,0,,,0,0,0,0
1416262201.15268,pg_toast,pg_toast_2396,0,0,0,0,0,0,0,0,0,0,0,0,0,0,,,,
1416262201.15268,pg_catalog,pg_enum,0,0,0,0,0,0,0,0,0,0,0,0,0,0,,,,
1416262201.15268,pg_catalog,pg_db_role_setting,0,0,117693,0,0,0,0,0,0,0,0,0,7973,109720,0,0,0,0
1416262201.15268,pg_catalog,pg_seclabel,0,0,3311,0,0,0,0,0,0,0,0,0,393,2918,0,0,0,0
1416262201.15268,pg_toast,pg_toast_2609,0,0,0,0,0,0,0,0,0,0,0,0,0,0,,,,
1416262201.15268,pg_toast,pg_toast_1255,0,0,0,0,0,0,0,0,0,0,0,0,0,0,,,,
1416262201.15268,public,lineitem,0,0,,,0,0,0,0,0,0,0,0,,,,,,
1416262201.15268,pg_catalog,pg_rewrite,0,0,22790,21725,355,0,355,0,112,20,10625,13902,4601,34411,9289,11427,3623,14215
1416262201.15268,pg_catalog,pg_ts_config,0,0,0,0,0,0,0,0,0,0,0,0,0,0,,,,
1416262201.15268,pg_catalog,pg_extension,0,0,0,0,0,0,0,0,0,0,0,0,0,0,,,,
1416262201.15268,pg_catalog,pg_amop,0,0,268089,372122,0,0,0,0,0,0,20645,351477,34864,545847,,,,
1416262201.15268,pg_catalog,pg_cast,0,0,844939,235688,0,0,0,0,0,0,8914,226774,11425,865947,,,,
1416262201.15268,public,orders,0,0,,,0,0,0,0,0,0,0,0,,,,,,
1416262201.15268,pg_toast,pg_toast_2619,0,0,2799,5264,247,0,247,0,11,61,1518,2491,1822,3286,,,,
1416262201.15268,pg_toast,pg_toast_2604,0,0,0,0,0,0,0,0,0,0,0,0,0,0,,,,
1416262261.15436,pg_catalog,pg_auth_members,0,0,0,0,0,0,0,0,0,0,0,0,0,0,,,,
1416262261.15436,pg_catalog,pg_operator,0,0,202686,845348,0,0,0,0,0,0,60303,550286,45597,410317,,,,
1416262261.15436,pg_catalog,pg_aggregate,0,0,13532,13532,0,0,0,0,0,0,4550,8982,9093,15147,,,,
1416262261.15436,pg_catalog,pg_pltemplate,0,0,0,0,0,0,0,0,0,0,0,0,0,0,,,,
1416262261.15436,pg_toast,pg_toast_12188,0,0,0,0,0,0,0,0,0,0,0,0,0,0,,,,
1416262261.15436,pg_catalog,pg_description,0,0,3311,0,0,0,0,0,0,0,0,0,1277,6054,0,0,0,0
1416262261.15436,pg_catalog,pg_language,0,0,0,0,0,0,0,0,0,0,0,0,0,0,,,,
1416262261.15436,public,time_statistics,0,0,,,1,0,0,0,1,0,1,0,,,,,,
1416262261.15436,pg_catalog,pg_ts_parser,0,0,0,0,0,0,0,0,0,0,0,0,0,0,,,,
1416262261.15436,pg_catalog,pg_shseclabel,0,0,0,0,0,0,0,0,0,0,0,0,0,0,,,,
1416262261.15436,pg_catalog,pg_foreign_table,0,0,0,0,0,0,0,0,0,0,0,0,0,0,,,,
1416262261.15436,information_schema,sql_packages,0,0,,,0,0,0,0,0,0,0,0,,,0,0,0,0
1416262261.15436,information_schema,sql_parts,0,0,,,0,0,0,0,0,0,0,0,,,0,0,0,0
1416262261.15436,pg_catalog,pg_attrdef,0,0,0,0,0,0,0,0,0,0,0,0,0,0,0,0,0,0
1416262261.15436,pg_catalog,pg_ts_template,0,0,0,0,0,0,0,0,0,0,0,0,0,0,,,,
1416262261.15436,pg_catalog,pg_foreign_server,0,0,0,0,0,0,0,0,0,0,0,0,0,0,,,,
1416262261.15436,pg_catalog,pg_default_acl,0,0,2876,0,0,0,0,0,0,0,0,0,351,2525,,,,
1416262261.15436,pg_toast,pg_toast_12198,0,0,0,0,0,0,0,0,0,0,0,0,0,0,,,,
1416262261.15436,pg_toast,pg_toast_12208,0,0,0,0,0,0,0,0,0,0,0,0,0,0,,,,
1416262261.15436,public,region,2,10,0,0,5,0,0,0,5,0,1,3,0,0,,,,
1416262261.15436,pg_catalog,pg_attribute,2871,19053,873806,1689556,5563,197,5404,161,2406,7,92241,847526,43656,1766906,,,,
1416262261.15436,pg_catalog,pg_statistic,0,0,199793,148475,1286,2980,1248,2578,422,38,38217,119588,20761,409897,1555,2844,1822,3491
1416262261.15436,pg_toast,pg_toast_12203,0,0,0,0,0,0,0,0,0,0,0,0,0,0,,,,
1416262261.15436,pg_toast,pg_toast_2618,0,0,11858,38510,0,0,0,0,0,0,9294,11429,3623,14221,,,,
1416262261.15436,pg_toast,pg_toast_3596,0,0,0,0,0,0,0,0,0,0,0,0,0,0,,,,
1416262261.15436,pg_catalog,pg_depend,0,0,30491,32888,5624,0,5561,0,5580,146,5818,38174,10308,76986,,,,
1416262261.15436,information_schema,sql_languages,0,0,,,0,0,0,0,0,0,0,0,,,0,0,0,0
1416262261.15436,pg_catalog,pg_opclass,522,522,166118,1806994,0,0,0,0,0,0,13222,613109,25876,193182,,,,
1416262261.15436,pg_catalog,pg_proc,0,0,372280,547724,0,0,0,0,0,0,69603,359250,68926,755544,0,0,0,0
1416262261.15436,information_schema,sql_implementation_info,0,0,,,0,0,0,0,0,0,0,0,,,0,0,0,0
1416262261.15436,pg_catalog,pg_trigger,0,0,0,0,0,0,0,0,0,0,0,0,0,0,0,0,0,0
1416262261.15436,pg_catalog,pg_am,36999,36999,0,0,0,0,0,0,0,0,7760,29239,0,0,,,,
1416262261.15436,pg_catalog,pg_largeobject_metadata,0,0,0,0,0,0,0,0,0,0,0,0,0,0,,,,
1416262261.15436,pg_catalog,pg_ts_config_map,0,0,0,0,0,0,0,0,0,0,0,0,0,0,,,,
1416262261.15436,pg_catalog,pg_type,0,0,693146,687981,1418,0,1399,0,349,0,23273,671018,29063,1381741,,,,
1416262261.15436,pg_catalog,pg_shdepend,0,0,4060,748,0,0,0,0,0,0,348,400,1569,3921,,,,
1416262261.15436,information_schema,sql_sizing,0,0,,,0,0,0,0,0,0,0,0,,,0,0,0,0
1416262261.15436,public,nation,2,50,0,0,25,0,0,0,25,0,1,3,0,0,,,,
1416262261.15436,public,supplier,4,400000,0,0,100000,0,0,0,100000,0,2312,15648,0,0,,,,
1416262261.15436,public,customer,6,9000000,0,0,1500000,0,0,0,1500000,0,68533,294857,0,0,,,,
1416262261.15436,pg_catalog,pg_conversion,0,0,0,0,0,0,0,0,0,0,0,0,0,0,,,,
1416262261.15436,pg_catalog,pg_foreign_data_wrapper,0,0,0,0,0,0,0,0,0,0,0,0,0,0,,,,
1416262261.15436,pg_catalog,pg_opfamily,0,0,0,0,0,0,0,0,0,0,0,0,0,0,,,,
1416262261.15436,pg_catalog,pg_shdescription,0,0,0,0,0,0,0,0,0,0,0,0,0,0,0,0,0,0
1416262261.15436,pg_catalog,pg_tablespace,2,4,27156,27156,0,0,0,0,0,0,6145,21013,12324,41988,,,,
1416262261.15436,pg_catalog,pg_inherits,0,0,709,0,0,0,0,0,0,0,0,0,353,356,,,,
1416262261.15436,pg_toast,pg_toast_2606,0,0,0,0,0,0,0,0,0,0,0,0,0,0,,,,
1416262261.15436,pg_toast,pg_toast_2964,0,0,0,0,0,0,0,0,0,0,0,0,0,0,,,,
1416262261.15436,pg_catalog,pg_database,8870,35042,163240,163238,1,0,0,0,1,0,8145,163964,36652,205035,,,,
1416262261.15436,pg_toast,pg_toast_2620,0,0,0,0,0,0,0,0,0,0,0,0,0,0,,,,
1416262261.15436,pg_toast,pg_toast_12213,0,0,0,0,0,0,0,0,0,0,0,0,0,0,,,,
1416262261.15436,pg_catalog,pg_amproc,522,1044,129876,193126,0,0,0,0,0,0,9707,118649,26540,269498,,,,
1416262261.15436,pg_catalog,pg_collation,0,0,0,0,0,0,0,0,0,0,0,0,0,0,,,,
1416262261.15436,pg_catalog,pg_constraint,0,0,310,152,158,0,152,0,8,40,88,875,160,1574,0,0,0,0
1416262261.15436,pg_catalog,pg_range,0,0,4765,0,0,0,0,0,0,0,0,0,6931,2599,,,,
1416262261.15436,pg_catalog,pg_user_mapping,0,0,0,0,0,0,0,0,0,0,0,0,0,0,,,,
1416262261.15436,public,partsupp,3,24000000,0,0,8000000,0,0,0,8000000,0,340611,954509,0,0,,,,
1416262261.15436,pg_catalog,pg_largeobject,0,0,0,0,0,0,0,0,0,0,0,0,0,0,,,,
1416262261.15436,pg_catalog,pg_namespace,6265,168200,463012,429699,28,0,0,0,28,0,6744,429291,17326,484293,,,,
1416262261.15436,pg_catalog,pg_authid,3082,3082,67016,67016,0,0,0,0,0,0,6950,63148,25822,108210,,,,
1416262261.15436,pg_toast,pg_toast_12193,0,0,0,0,0,0,0,0,0,0,0,0,0,0,,,,
1416262261.15436,pg_catalog,pg_index,13628,1623344,287499,408756,713,0,696,0,127,0,29460,403345,28187,321086,,,,
1416262261.15436,pg_catalog,pg_ts_dict,0,0,0,0,0,0,0,0,0,0,0,0,0,0,,,,
1416262261.15436,information_schema,sql_features,0,0,,,0,0,0,0,0,0,0,0,,,0,0,0,0
1416262261.15436,public,part,6,12000000,0,0,2000000,0,0,0,2000000,0,79007,327715,0,0,,,,
1416262261.15436,pg_catalog,pg_class,35400,8862655,1333897,1293578,1432,355,1405,341,315,58,72361,1567481,60428,2666018,,,,
1416262261.15436,pg_toast,pg_toast_12183,0,0,0,0,0,0,0,0,0,0,0,0,0,0,,,,
1416262261.15436,information_schema,sql_sizing_profiles,0,0,,,0,0,0,0,0,0,0,0,,,0,0,0,0
1416262261.15436,pg_toast,pg_toast_2396,0,0,0,0,0,0,0,0,0,0,0,0,0,0,,,,
1416262261.15436,pg_catalog,pg_enum,0,0,0,0,0,0,0,0,0,0,0,0,0,0,,,,
1416262261.15436,pg_catalog,pg_db_role_setting,0,0,117777,0,0,0,0,0,0,0,0,0,7973,109804,0,0,0,0
1416262261.15436,pg_catalog,pg_seclabel,0,0,3311,0,0,0,0,0,0,0,0,0,393,2918,0,0,0,0
1416262261.15436,pg_toast,pg_toast_2609,0,0,0,0,0,0,0,0,0,0,0,0,0,0,,,,
1416262261.15436,pg_toast,pg_toast_1255,0,0,0,0,0,0,0,0,0,0,0,0,0,0,,,,
1416262261.15436,public,lineitem,0,0,,,0,0,0,0,0,0,0,0,,,,,,
1416262261.15436,pg_catalog,pg_rewrite,0,0,22796,21731,355,0,355,0,112,20,10629,13904,4601,34421,9294,11429,3623,14221
1416262261.15436,pg_catalog,pg_ts_config,0,0,0,0,0,0,0,0,0,0,0,0,0,0,,,,
1416262261.15436,pg_catalog,pg_extension,0,0,0,0,0,0,0,0,0,0,0,0,0,0,,,,
1416262261.15436,pg_catalog,pg_amop,0,0,268235,372281,0,0,0,0,0,0,20647,351634,34865,546158,,,,
1416262261.15436,pg_catalog,pg_cast,0,0,846018,235920,0,0,0,0,0,0,8914,227006,11425,867054,,,,
1416262261.15436,public,orders,0,0,,,0,0,0,0,0,0,0,0,,,,,,
1416262261.15436,pg_toast,pg_toast_2619,0,0,2833,5266,412,0,248,0,178,1,1555,2844,1822,3491,,,,
1416262261.15436,pg_toast,pg_toast_2604,0,0,0,0,0,0,0,0,0,0,0,0,0,0,,,,
1416262321.15784,pg_catalog,pg_auth_members,0,0,0,0,0,0,0,0,0,0,0,0,0,0,,,,
1416262321.15784,pg_catalog,pg_operator,0,0,202708,845370,0,0,0,0,0,0,60303,550308,45597,410370,,,,
1416262321.15784,pg_catalog,pg_aggregate,0,0,13533,13533,0,0,0,0,0,0,4550,8983,9093,15149,,,,
1416262321.15784,pg_catalog,pg_pltemplate,0,0,0,0,0,0,0,0,0,0,0,0,0,0,,,,
1416262321.15784,pg_toast,pg_toast_12188,0,0,0,0,0,0,0,0,0,0,0,0,0,0,,,,
1416262321.15784,pg_catalog,pg_description,0,0,3311,0,0,0,0,0,0,0,0,0,1277,6054,0,0,0,0
1416262321.15784,pg_catalog,pg_language,0,0,0,0,0,0,0,0,0,0,0,0,0,0,,,,
1416262321.15784,public,time_statistics,0,0,,,1,0,0,0,1,0,1,0,,,,,,
1416262321.15784,pg_catalog,pg_ts_parser,0,0,0,0,0,0,0,0,0,0,0,0,0,0,,,,
1416262321.15784,pg_catalog,pg_shseclabel,0,0,0,0,0,0,0,0,0,0,0,0,0,0,,,,
1416262321.15784,pg_catalog,pg_foreign_table,0,0,0,0,0,0,0,0,0,0,0,0,0,0,,,,
1416262321.15784,information_schema,sql_packages,0,0,,,0,0,0,0,0,0,0,0,,,0,0,0,0
1416262321.15784,information_schema,sql_parts,0,0,,,0,0,0,0,0,0,0,0,,,0,0,0,0
1416262321.15784,pg_catalog,pg_attrdef,0,0,0,0,0,0,0,0,0,0,0,0,0,0,0,0,0,0
1416262321.15784,pg_catalog,pg_ts_template,0,0,0,0,0,0,0,0,0,0,0,0,0,0,,,,
1416262321.15784,pg_catalog,pg_foreign_server,0,0,0,0,0,0,0,0,0,0,0,0,0,0,,,,
1416262321.15784,pg_catalog,pg_default_acl,0,0,2876,0,0,0,0,0,0,0,0,0,351,2525,,,,
1416262321.15784,pg_toast,pg_toast_12198,0,0,0,0,0,0,0,0,0,0,0,0,0,0,,,,
1416262321.15784,pg_toast,pg_toast_12208,0,0,0,0,0,0,0,0,0,0,0,0,0,0,,,,
1416262321.15784,public,region,2,10,0,0,5,0,0,0,5,0,1,3,0,0,,,,
1416262321.15784,pg_catalog,pg_attribute,2871,19053,874048,1690042,5568,198,5404,162,2411,8,92241,847784,43656,1767423,,,,
1416262321.15784,pg_catalog,pg_statistic,0,0,199827,148494,1295,2980,1248,2578,431,38,38218,119618,20761,409989,1563,2900,1822,3539
1416262321.15784,pg_toast,pg_toast_12203,0,0,0,0,0,0,0,0,0,0,0,0,0,0,,,,
1416262321.15784,pg_toast,pg_toast_2618,0,0,11862,38523,0,0,0,0,0,0,9294,11436,3623,14227,,,,
1416262321.15784,pg_toast,pg_toast_3596,0,0,0,0,0,0,0,0,0,0,0,0,0,0,,,,
1416262321.15784,pg_catalog,pg_depend,0,0,30502,32898,5630,0,5561,0,5586,146,5818,38199,10308,77038,,,,
1416262321.15784,information_schema,sql_languages,0,0,,,0,0,0,0,0,0,0,0,,,0,0,0,0
1416262321.15784,pg_catalog,pg_opclass,522,522,166166,1807598,0,0,0,0,0,0,13222,613276,25876,193247,,,,
1416262321.15784,pg_catalog,pg_proc,0,0,372356,547835,0,0,0,0,0,0,69603,359341,68926,755711,0,0,0,0
1416262321.15784,information_schema,sql_implementation_info,0,0,,,0,0,0,0,0,0,0,0,,,0,0,0,0
1416262321.15784,pg_catalog,pg_trigger,0,0,0,0,0,0,0,0,0,0,0,0,0,0,0,0,0,0
1416262321.15784,pg_catalog,pg_am,37012,37012,0,0,0,0,0,0,0,0,7760,29252,0,0,,,,
1416262321.15784,pg_catalog,pg_largeobject_metadata,0,0,0,0,0,0,0,0,0,0,0,0,0,0,,,,
1416262321.15784,pg_catalog,pg_ts_config_map,0,0,0,0,0,0,0,0,0,0,0,0,0,0,,,,
1416262321.15784,pg_catalog,pg_type,0,0,693252,688087,1418,0,1399,0,349,0,23273,671124,29063,1381963,,,,
1416262321.15784,pg_catalog,pg_shdepend,0,0,4060,748,0,0,0,0,0,0,348,400,1569,3921,,,,
1416262321.15784,information_schema,sql_sizing,0,0,,,0,0,0,0,0,0,0,0,,,0,0,0,0
1416262321.15784,public,nation,2,50,0,0,25,0,0,0,25,0,1,3,0,0,,,,
1416262321.15784,public,supplier,4,400000,0,0,100000,0,0,0,100000,0,2312,15648,0,0,,,,
1416262321.15784,public,customer,6,9000000,0,0,1500000,0,0,0,1500000,0,68533,294857,0,0,,,,
1416262321.15784,pg_catalog,pg_conversion,0,0,0,0,0,0,0,0,0,0,0,0,0,0,,,,
1416262321.15784,pg_catalog,pg_foreign_data_wrapper,0,0,0,0,0,0,0,0,0,0,0,0,0,0,,,,
1416262321.15784,pg_catalog,pg_opfamily,0,0,0,0,0,0,0,0,0,0,0,0,0,0,,,,
1416262321.15784,pg_catalog,pg_shdescription,0,0,0,0,0,0,0,0,0,0,0,0,0,0,0,0,0,0
1416262321.15784,pg_catalog,pg_tablespace,2,4,27161,27161,0,0,0,0,0,0,6145,21018,12324,41998,,,,
1416262321.15784,pg_catalog,pg_inherits,0,0,709,0,0,0,0,0,0,0,0,0,353,356,,,,
1416262321.15784,pg_toast,pg_toast_2606,0,0,0,0,0,0,0,0,0,0,0,0,0,0,,,,
1416262321.15784,pg_toast,pg_toast_2964,0,0,0,0,0,0,0,0,0,0,0,0,0,0,,,,
1416262321.15784,pg_catalog,pg_database,8873,35054,163281,163279,1,0,0,0,1,0,8145,164008,36652,205098,,,,
1416262321.15784,pg_toast,pg_toast_2620,0,0,0,0,0,0,0,0,0,0,0,0,0,0,,,,
1416262321.15784,pg_toast,pg_toast_12213,0,0,0,0,0,0,0,0,0,0,0,0,0,0,,,,
1416262321.15784,pg_catalog,pg_amproc,522,1044,129910,193178,0,0,0,0,0,0,9707,118681,26540,269576,,,,
1416262321.15784,pg_catalog,pg_collation,0,0,0,0,0,0,0,0,0,0,0,0,0,0,,,,
1416262321.15784,pg_catalog,pg_constraint,0,0,311,152,159,0,152,0,9,40,88,879,160,1583,0,0,0,0
1416262321.15784,pg_catalog,pg_range,0,0,4765,0,0,0,0,0,0,0,0,0,6931,2599,,,,
1416262321.15784,pg_catalog,pg_user_mapping,0,0,0,0,0,0,0,0,0,0,0,0,0,0,,,,
1416262321.15784,public,partsupp,3,24000000,0,0,8000000,0,0,0,8000000,0,340611,954509,0,0,,,,
1416262321.15784,pg_catalog,pg_largeobject,0,0,0,0,0,0,0,0,0,0,0,0,0,0,,,,
1416262321.15784,pg_catalog,pg_namespace,6267,168268,463165,429842,28,0,0,0,28,0,6744,429436,17326,484458,,,,
1416262321.15784,pg_catalog,pg_authid,3083,3083,67034,67034,0,0,0,0,0,0,6950,63167,25822,108246,,,,
1416262321.15784,pg_toast,pg_toast_12193,0,0,0,0,0,0,0,0,0,0,0,0,0,0,,,,
1416262321.15784,pg_catalog,pg_index,13632,1623852,287572,408857,716,0,696,0,130,0,29460,403453,28187,321184,,,,
1416262321.15784,pg_catalog,pg_ts_dict,0,0,0,0,0,0,0,0,0,0,0,0,0,0,,,,
1416262321.15784,information_schema,sql_features,0,0,,,0,0,0,0,0,0,0,0,,,0,0,0,0
1416262321.15784,public,part,6,12000000,0,0,2000000,0,0,0,2000000,0,79007,327715,0,0,,,,
1416262321.15784,pg_catalog,pg_class,35411,8865573,1334280,1293950,1435,355,1405,341,318,58,72361,1567984,60428,2666817,,,,
1416262321.15784,pg_toast,pg_toast_12183,0,0,0,0,0,0,0,0,0,0,0,0,0,0,,,,
1416262321.15784,information_schema,sql_sizing_profiles,0,0,,,0,0,0,0,0,0,0,0,,,0,0,0,0
1416262321.15784,pg_toast,pg_toast_2396,0,0,0,0,0,0,0,0,0,0,0,0,0,0,,,,
1416262321.15784,pg_catalog,pg_enum,0,0,0,0,0,0,0,0,0,0,0,0,0,0,,,,
1416262321.15784,pg_catalog,pg_db_role_setting,0,0,117810,0,0,0,0,0,0,0,0,0,7973,109837,0,0,0,0
1416262321.15784,pg_catalog,pg_seclabel,0,0,3311,0,0,0,0,0,0,0,0,0,393,2918,0,0,0,0
1416262321.15784,pg_toast,pg_toast_2609,0,0,0,0,0,0,0,0,0,0,0,0,0,0,,,,
1416262321.15784,pg_toast,pg_toast_1255,0,0,0,0,0,0,0,0,0,0,0,0,0,0,,,,
1416262321.15784,public,lineitem,0,0,,,0,0,0,0,0,0,0,0,,,,,,
1416262321.15784,pg_catalog,pg_rewrite,0,0,22803,21738,355,0,355,0,112,20,10629,13911,4601,34433,9294,11436,3623,14227
1416262321.15784,pg_catalog,pg_ts_config,0,0,0,0,0,0,0,0,0,0,0,0,0,0,,,,
1416262321.15784,pg_catalog,pg_extension,0,0,0,0,0,0,0,0,0,0,0,0,0,0,,,,
1416262321.15784,pg_catalog,pg_amop,0,0,268288,372343,0,0,0,0,0,0,20647,351696,34865,546274,,,,
1416262321.15784,pg_catalog,pg_cast,0,0,846208,235980,0,0,0,0,0,0,8914,227066,11425,867253,,,,
1416262321.15784,public,orders,4,60000000,0,0,15000000,0,0,0,15000000,0,504554,1558780,0,0,,,,
1416262321.15784,pg_toast,pg_toast_2619,0,0,2843,5266,449,0,248,0,215,1,1563,2900,1822,3539,,,,
1416262321.15784,pg_toast,pg_toast_2604,0,0,0,0,0,0,0,0,0,0,0,0,0,0,,,,
1416262381.16648,pg_catalog,pg_auth_members,0,0,0,0,0,0,0,0,0,0,0,0,0,0,,,,
1416262381.16648,pg_catalog,pg_operator,0,0,202736,845398,0,0,0,0,0,0,60303,550336,45597,410436,,,,
1416262381.16648,pg_catalog,pg_aggregate,0,0,13534,13534,0,0,0,0,0,0,4550,8984,9093,15151,,,,
1416262381.16648,pg_catalog,pg_pltemplate,0,0,0,0,0,0,0,0,0,0,0,0,0,0,,,,
1416262381.16648,pg_toast,pg_toast_12188,0,0,0,0,0,0,0,0,0,0,0,0,0,0,,,,
1416262381.16648,pg_catalog,pg_description,0,0,3311,0,0,0,0,0,0,0,0,0,1277,6054,0,0,0,0
1416262381.16648,pg_catalog,pg_language,0,0,0,0,0,0,0,0,0,0,0,0,0,0,,,,
1416262381.16648,public,time_statistics,0,0,,,1,0,0,0,1,0,1,0,,,,,,
1416262381.16648,pg_catalog,pg_ts_parser,0,0,0,0,0,0,0,0,0,0,0,0,0,0,,,,
1416262381.16648,pg_catalog,pg_shseclabel,0,0,0,0,0,0,0,0,0,0,0,0,0,0,,,,
1416262381.16648,pg_catalog,pg_foreign_table,0,0,0,0,0,0,0,0,0,0,0,0,0,0,,,,
1416262381.16648,information_schema,sql_packages,0,0,,,0,0,0,0,0,0,0,0,,,0,0,0,0
1416262381.16648,information_schema,sql_parts,0,0,,,0,0,0,0,0,0,0,0,,,0,0,0,0
1416262381.16648,pg_catalog,pg_attrdef,0,0,0,0,0,0,0,0,0,0,0,0,0,0,0,0,0,0
1416262381.16648,pg_catalog,pg_ts_template,0,0,0,0,0,0,0,0,0,0,0,0,0,0,,,,
1416262381.16648,pg_catalog,pg_foreign_server,0,0,0,0,0,0,0,0,0,0,0,0,0,0,,,,
1416262381.16648,pg_catalog,pg_default_acl,0,0,2876,0,0,0,0,0,0,0,0,0,351,2525,,,,
1416262381.16648,pg_toast,pg_toast_12198,0,0,0,0,0,0,0,0,0,0,0,0,0,0,,,,
1416262381.16648,pg_toast,pg_toast_12208,0,0,0,0,0,0,0,0,0,0,0,0,0,0,,,,
1416262381.16648,public,region,2,10,0,0,5,0,0,0,5,0,1,3,0,0,,,,
1416262381.16648,pg_catalog,pg_attribute,2926,19418,874629,1691690,5568,198,5404,162,2411,8,92241,849116,43656,1768596,,,,
1416262381.16648,pg_catalog,pg_statistic,0,0,199883,148542,1295,3007,1248,2604,431,65,38221,119695,20761,410110,1564,2905,1822,3543
1416262381.16648,pg_toast,pg_toast_12203,0,0,0,0,0,0,0,0,0,0,0,0,0,0,,,,
1416262381.16648,pg_toast,pg_toast_2618,0,0,11866,38536,0,0,0,0,0,0,9294,11443,3623,14233,,,,
1416262381.16648,pg_toast,pg_toast_3596,0,0,0,0,0,0,0,0,0,0,0,0,0,0,,,,
1416262381.16648,pg_catalog,pg_depend,0,0,30502,32898,5630,0,5561,0,5586,146,5818,38199,10308,77038,,,,
1416262381.16648,information_schema,sql_languages,0,0,,,0,0,0,0,0,0,0,0,,,0,0,0,0
1416262381.16648,pg_catalog,pg_opclass,532,532,166232,1808488,0,0,0,0,0,0,13222,613548,25876,193323,,,,
1416262381.16648,pg_catalog,pg_proc,0,0,372438,547959,0,0,0,0,0,0,69603,359441,68926,755893,0,0,0,0
1416262381.16648,information_schema,sql_implementation_info,0,0,,,0,0,0,0,0,0,0,0,,,0,0,0,0
1416262381.16648,pg_catalog,pg_trigger,0,0,0,0,0,0,0,0,0,0,0,0,0,0,0,0,0,0
1416262381.16648,pg_catalog,pg_am,37018,37018,0,0,0,0,0,0,0,0,7760,29258,0,0,,,,
1416262381.16648,pg_catalog,pg_largeobject_metadata,0,0,0,0,0,0,0,0,0,0,0,0,0,0,,,,
1416262381.16648,pg_catalog,pg_ts_config_map,0,0,0,0,0,0,0,0,0,0,0,0,0,0,,,,
1416262381.16648,pg_catalog,pg_type,0,0,693371,688206,1418,0,1399,0,349,0,23273,671243,29063,1382208,,,,
1416262381.16648,pg_catalog,pg_shdepend,0,0,4060,748,0,0,0,0,0,0,348,400,1569,3921,,,,
1416262381.16648,information_schema,sql_sizing,0,0,,,0,0,0,0,0,0,0,0,,,0,0,0,0
1416262381.16648,public,nation,2,50,0,0,25,0,0,0,25,0,1,3,0,0,,,,
1416262381.16648,public,supplier,4,400000,0,0,100000,0,0,0,100000,0,2312,15648,0,0,,,,
1416262381.16648,public,customer,6,9000000,0,0,1500000,0,0,0,1500000,0,68533,294857,0,0,,,,
1416262381.16648,pg_catalog,pg_conversion,0,0,0,0,0,0,0,0,0,0,0,0,0,0,,,,
1416262381.16648,pg_catalog,pg_foreign_data_wrapper,0,0,0,0,0,0,0,0,0,0,0,0,0,0,,,,
1416262381.16648,pg_catalog,pg_opfamily,0,0,0,0,0,0,0,0,0,0,0,0,0,0,,,,
1416262381.16648,pg_catalog,pg_shdescription,0,0,0,0,0,0,0,0,0,0,0,0,0,0,0,0,0,0
1416262381.16648,pg_catalog,pg_tablespace,2,4,27167,27167,0,0,0,0,0,0,6145,21024,12324,42010,,,,
1416262381.16648,pg_catalog,pg_inherits,0,0,709,0,0,0,0,0,0,0,0,0,353,356,,,,
1416262381.16648,pg_toast,pg_toast_2606,0,0,0,0,0,0,0,0,0,0,0,0,0,0,,,,
1416262381.16648,pg_toast,pg_toast_2964,0,0,0,0,0,0,0,0,0,0,0,0,0,0,,,,
1416262381.16648,pg_catalog,pg_database,8876,35066,163313,163311,1,0,0,0,1,0,8145,164043,36652,205144,,,,
1416262381.16648,pg_toast,pg_toast_2620,0,0,0,0,0,0,0,0,0,0,0,0,0,0,,,,
1416262381.16648,pg_toast,pg_toast_12213,0,0,0,0,0,0,0,0,0,0,0,0,0,0,,,,
1416262381.16648,pg_catalog,pg_amproc,532,1064,129961,193240,0,0,0,0,0,0,9707,118759,26540,269684,,,,
1416262381.16648,pg_catalog,pg_collation,0,0,0,0,0,0,0,0,0,0,0,0,0,0,,,,
1416262381.16648,pg_catalog,pg_constraint,0,0,311,152,159,0,152,0,9,40,88,879,160,1583,0,0,0,0
1416262381.16648,pg_catalog,pg_range,0,0,4765,0,0,0,0,0,0,0,0,0,6931,2599,,,,
1416262381.16648,pg_catalog,pg_user_mapping,0,0,0,0,0,0,0,0,0,0,0,0,0,0,,,,
1416262381.16648,public,partsupp,3,24000000,0,0,8000000,0,0,0,8000000,0,340611,954509,0,0,,,,
1416262381.16648,pg_catalog,pg_largeobject,0,0,0,0,0,0,0,0,0,0,0,0,0,0,,,,
1416262381.16648,pg_catalog,pg_namespace,6269,168336,463314,429985,28,0,0,0,28,0,6744,429581,17326,484615,,,,
1416262381.16648,pg_catalog,pg_authid,3085,3085,67045,67045,0,0,0,0,0,0,6950,63180,25822,108268,,,,
1416262381.16648,pg_toast,pg_toast_12193,0,0,0,0,0,0,0,0,0,0,0,0,0,0,,,,
1416262381.16648,pg_catalog,pg_index,13671,1624407,287840,409138,716,0,696,0,130,0,29460,403796,28187,321465,,,,
1416262381.16648,pg_catalog,pg_ts_dict,0,0,0,0,0,0,0,0,0,0,0,0,0,0,,,,
1416262381.16648,information_schema,sql_features,0,0,,,0,0,0,0,0,0,0,0,,,0,0,0,0
1416262381.16648,public,part,6,12000000,0,0,2000000,0,0,0,2000000,0,79007,327715,0,0,,,,
1416262381.16648,pg_catalog,pg_class,35477,8868573,1334975,1294645,1435,355,1405,341,318,58,72361,1568989,60428,2668220,,,,
1416262381.16648,pg_toast,pg_toast_12183,0,0,0,0,0,0,0,0,0,0,0,0,0,0,,,,
1416262381.16648,information_schema,sql_sizing_profiles,0,0,,,0,0,0,0,0,0,0,0,,,0,0,0,0
1416262381.16648,pg_toast,pg_toast_2396,0,0,0,0,0,0,0,0,0,0,0,0,0,0,,,,
1416262381.16648,pg_catalog,pg_enum,0,0,0,0,0,0,0,0,0,0,0,0,0,0,,,,
1416262381.16648,pg_catalog,pg_db_role_setting,0,0,117831,0,0,0,0,0,0,0,0,0,7973,109858,0,0,0,0
1416262381.16648,pg_catalog,pg_seclabel,0,0,3311,0,0,0,0,0,0,0,0,0,393,2918,0,0,0,0
1416262381.16648,pg_toast,pg_toast_2609,0,0,0,0,0,0,0,0,0,0,0,0,0,0,,,,
1416262381.16648,pg_toast,pg_toast_1255,0,0,0,0,0,0,0,0,0,0,0,0,0,0,,,,
1416262381.16648,public,lineitem,0,0,,,0,0,0,0,0,0,0,0,,,,,,
1416262381.16648,pg_catalog,pg_rewrite,0,0,22811,21746,355,0,355,0,112,20,10629,13919,4601,34447,9294,11443,3623,14233
1416262381.16648,pg_catalog,pg_ts_config,0,0,0,0,0,0,0,0,0,0,0,0,0,0,,,,
1416262381.16648,pg_catalog,pg_extension,0,0,0,0,0,0,0,0,0,0,0,0,0,0,,,,
1416262381.16648,pg_catalog,pg_amop,0,0,268363,372428,0,0,0,0,0,0,20647,351781,34865,546436,,,,
1416262381.16648,pg_catalog,pg_cast,0,0,846537,236029,0,0,0,0,0,0,8914,227115,11425,867589,,,,
1416262381.16648,public,orders,4,60000000,0,0,15000000,0,0,0,15000000,0,504554,1558780,0,0,,,,
1416262381.16648,pg_toast,pg_toast_2619,0,0,2844,5266,451,0,248,0,217,1,1564,2905,1822,3543,,,,
1416262381.16648,pg_toast,pg_toast_2604,0,0,0,0,0,0,0,0,0,0,0,0,0,0,,,,
1416262441.16517,pg_catalog,pg_auth_members,0,0,0,0,0,0,0,0,0,0,0,0,0,0,,,,
1416262441.16517,pg_catalog,pg_operator,0,0,202752,845414,0,0,0,0,0,0,60303,550352,45597,410475,,,,
1416262441.16517,pg_catalog,pg_aggregate,0,0,13535,13535,0,0,0,0,0,0,4550,8985,9093,15153,,,,
1416262441.16517,pg_catalog,pg_pltemplate,0,0,0,0,0,0,0,0,0,0,0,0,0,0,,,,
1416262441.16517,pg_toast,pg_toast_12188,0,0,0,0,0,0,0,0,0,0,0,0,0,0,,,,
1416262441.16517,pg_catalog,pg_description,0,0,3311,0,0,0,0,0,0,0,0,0,1277,6054,0,0,0,0
1416262441.16517,pg_catalog,pg_language,0,0,0,0,0,0,0,0,0,0,0,0,0,0,,,,
1416262441.16517,public,time_statistics,0,0,,,1,0,0,0,1,0,1,0,,,,,,
1416262441.16517,pg_catalog,pg_ts_parser,0,0,0,0,0,0,0,0,0,0,0,0,0,0,,,,
1416262441.16517,pg_catalog,pg_shseclabel,0,0,0,0,0,0,0,0,0,0,0,0,0,0,,,,
1416262441.16517,pg_catalog,pg_foreign_table,0,0,0,0,0,0,0,0,0,0,0,0,0,0,,,,
1416262441.16517,information_schema,sql_packages,0,0,,,0,0,0,0,0,0,0,0,,,0,0,0,0
1416262441.16517,information_schema,sql_parts,0,0,,,0,0,0,0,0,0,0,0,,,0,0,0,0
1416262441.16517,pg_catalog,pg_attrdef,0,0,0,0,0,0,0,0,0,0,0,0,0,0,0,0,0,0
1416262441.16517,pg_catalog,pg_ts_template,0,0,0,0,0,0,0,0,0,0,0,0,0,0,,,,
1416262441.16517,pg_catalog,pg_foreign_server,0,0,0,0,0,0,0,0,0,0,0,0,0,0,,,,
1416262441.16517,pg_catalog,pg_default_acl,0,0,2876,0,0,0,0,0,0,0,0,0,351,2525,,,,
1416262441.16517,pg_toast,pg_toast_12198,0,0,0,0,0,0,0,0,0,0,0,0,0,0,,,,
1416262441.16517,pg_toast,pg_toast_12208,0,0,0,0,0,0,0,0,0,0,0,0,0,0,,,,
1416262441.16517,public,region,2,10,0,0,5,0,0,0,5,0,1,3,0,0,,,,
1416262441.16517,pg_catalog,pg_attribute,2926,19418,874798,1691958,5568,198,5404,162,2411,8,92241,849286,43656,1768937,,,,
1416262441.16517,pg_catalog,pg_statistic,0,0,199904,148559,1295,3007,1248,2604,431,65,38221,119712,20761,410156,1564,2908,1822,3549
1416262441.16517,pg_toast,pg_toast_12203,0,0,0,0,0,0,0,0,0,0,0,0,0,0,,,,
1416262441.16517,pg_toast,pg_toast_2618,0,0,11870,38549,0,0,0,0,0,0,9294,11450,3623,14239,,,,
1416262441.16517,pg_toast,pg_toast_3596,0,0,0,0,0,0,0,0,0,0,0,0,0,0,,,,
1416262441.16517,pg_catalog,pg_depend,0,0,30502,32898,5630,0,5561,0,5586,146,5818,38199,10308,77038,,,,
1416262441.16517,information_schema,sql_languages,0,0,,,0,0,0,0,0,0,0,0,,,0,0,0,0
1416262441.16517,pg_catalog,pg_opclass,532,532,166243,1808655,0,0,0,0,0,0,13222,613598,25876,193340,,,,
1416262441.16517,pg_catalog,pg_proc,0,0,372508,548057,0,0,0,0,0,0,69603,359523,68926,756045,0,0,0,0
1416262441.16517,information_schema,sql_implementation_info,0,0,,,0,0,0,0,0,0,0,0,,,0,0,0,0
1416262441.16517,pg_catalog,pg_trigger,0,0,0,0,0,0,0,0,0,0,0,0,0,0,0,0,0,0
1416262441.16517,pg_catalog,pg_am,37021,37021,0,0,0,0,0,0,0,0,7760,29261,0,0,,,,
1416262441.16517,pg_catalog,pg_largeobject_metadata,0,0,0,0,0,0,0,0,0,0,0,0,0,0,,,,
1416262441.16517,pg_catalog,pg_ts_config_map,0,0,0,0,0,0,0,0,0,0,0,0,0,0,,,,
1416262441.16517,pg_catalog,pg_type,0,0,693446,688281,1418,0,1399,0,349,0,23273,671318,29063,1382362,,,,
1416262441.16517,pg_catalog,pg_shdepend,0,0,4060,748,0,0,0,0,0,0,348,400,1569,3921,,,,
1416262441.16517,information_schema,sql_sizing,0,0,,,0,0,0,0,0,0,0,0,,,0,0,0,0
1416262441.16517,public,nation,2,50,0,0,25,0,0,0,25,0,1,3,0,0,,,,
1416262441.16517,public,supplier,4,400000,0,0,100000,0,0,0,100000,0,2312,15648,0,0,,,,
1416262441.16517,public,customer,6,9000000,0,0,1500000,0,0,0,1500000,0,68533,294857,0,0,,,,
1416262441.16517,pg_catalog,pg_conversion,0,0,0,0,0,0,0,0,0,0,0,0,0,0,,,,
1416262441.16517,pg_catalog,pg_foreign_data_wrapper,0,0,0,0,0,0,0,0,0,0,0,0,0,0,,,,
1416262441.16517,pg_catalog,pg_opfamily,0,0,0,0,0,0,0,0,0,0,0,0,0,0,,,,
1416262441.16517,pg_catalog,pg_shdescription,0,0,0,0,0,0,0,0,0,0,0,0,0,0,0,0,0,0
1416262441.16517,pg_catalog,pg_tablespace,2,4,27171,27171,0,0,0,0,0,0,6145,21028,12324,42018,,,,
1416262441.16517,pg_catalog,pg_inherits,0,0,709,0,0,0,0,0,0,0,0,0,353,356,,,,
1416262441.16517,pg_toast,pg_toast_2606,0,0,0,0,0,0,0,0,0,0,0,0,0,0,,,,
1416262441.16517,pg_toast,pg_toast_2964,0,0,0,0,0,0,0,0,0,0,0,0,0,0,,,,
1416262441.16517,pg_catalog,pg_database,8879,35078,163327,163325,1,0,0,0,1,0,8145,164060,36652,205166,,,,
1416262441.16517,pg_toast,pg_toast_2620,0,0,0,0,0,0,0,0,0,0,0,0,0,0,,,,
1416262441.16517,pg_toast,pg_toast_12213,0,0,0,0,0,0,0,0,0,0,0,0,0,0,,,,
1416262441.16517,pg_catalog,pg_amproc,532,1064,129970,193252,0,0,0,0,0,0,9707,118768,26540,269705,,,,
1416262441.16517,pg_catalog,pg_collation,0,0,0,0,0,0,0,0,0,0,0,0,0,0,,,,
1416262441.16517,pg_catalog,pg_constraint,0,0,311,152,159,0,152,0,9,40,88,879,160,1583,0,0,0,0
1416262441.16517,pg_catalog,pg_range,0,0,4765,0,0,0,0,0,0,0,0,0,6931,2599,,,,
1416262441.16517,pg_catalog,pg_user_mapping,0,0,0,0,0,0,0,0,0,0,0,0,0,0,,,,
1416262441.16517,public,partsupp,3,24000000,0,0,8000000,0,0,0,8000000,0,340611,954509,0,0,,,,
1416262441.16517,pg_catalog,pg_largeobject,0,0,0,0,0,0,0,0,0,0,0,0,0,0,,,,
1416262441.16517,pg_catalog,pg_namespace,6271,168404,463456,430123,28,0,0,0,28,0,6744,429721,17326,484762,,,,
1416262441.16517,pg_catalog,pg_authid,3085,3085,67049,67049,0,0,0,0,0,0,6950,63184,25822,108276,,,,
1416262441.16517,pg_toast,pg_toast_12193,0,0,0,0,0,0,0,0,0,0,0,0,0,0,,,,
1416262441.16517,pg_catalog,pg_index,13675,1624927,287868,409174,716,0,696,0,130,0,29460,403844,28187,321500,,,,
1416262441.16517,pg_catalog,pg_ts_dict,0,0,0,0,0,0,0,0,0,0,0,0,0,0,,,,
1416262441.16517,information_schema,sql_features,0,0,,,0,0,0,0,0,0,0,0,,,0,0,0,0
1416262441.16517,public,part,6,12000000,0,0,2000000,0,0,0,2000000,0,79007,327715,0,0,,,,
1416262441.16517,pg_catalog,pg_class,35488,8871518,1335279,1294949,1435,355,1405,341,318,58,72361,1569404,60428,2668836,,,,
1416262441.16517,pg_toast,pg_toast_12183,0,0,0,0,0,0,0,0,0,0,0,0,0,0,,,,
1416262441.16517,information_schema,sql_sizing_profiles,0,0,,,0,0,0,0,0,0,0,0,,,0,0,0,0
1416262441.16517,pg_toast,pg_toast_2396,0,0,0,0,0,0,0,0,0,0,0,0,0,0,,,,
1416262441.16517,pg_catalog,pg_enum,0,0,0,0,0,0,0,0,0,0,0,0,0,0,,,,
1416262441.16517,pg_catalog,pg_db_role_setting,0,0,117843,0,0,0,0,0,0,0,0,0,7973,109870,0,0,0,0
1416262441.16517,pg_catalog,pg_seclabel,0,0,3311,0,0,0,0,0,0,0,0,0,393,2918,0,0,0,0
1416262441.16517,pg_toast,pg_toast_2609,0,0,0,0,0,0,0,0,0,0,0,0,0,0,,,,
1416262441.16517,pg_toast,pg_toast_1255,0,0,0,0,0,0,0,0,0,0,0,0,0,0,,,,
1416262441.16517,public,lineitem,0,0,,,0,0,0,0,0,0,0,0,,,,,,
1416262441.16517,pg_catalog,pg_rewrite,0,0,22817,21752,355,0,355,0,112,20,10629,13925,4601,34457,9294,11450,3623,14239
1416262441.16517,pg_catalog,pg_ts_config,0,0,0,0,0,0,0,0,0,0,0,0,0,0,,,,
1416262441.16517,pg_catalog,pg_extension,0,0,0,0,0,0,0,0,0,0,0,0,0,0,,,,
1416262441.16517,pg_catalog,pg_amop,0,0,268390,372461,0,0,0,0,0,0,20647,351814,34865,546496,,,,
1416262441.16517,pg_catalog,pg_cast,0,0,846598,236052,0,0,0,0,0,0,8914,227138,11425,867654,,,,
1416262441.16517,public,orders,4,60000000,0,0,15000000,0,0,0,15000000,0,504554,1558780,0,0,,,,
1416262441.16517,pg_toast,pg_toast_2619,0,0,2847,5272,451,0,248,0,217,1,1564,2908,1822,3549,,,,
1416262441.16517,pg_toast,pg_toast_2604,0,0,0,0,0,0,0,0,0,0,0,0,0,0,,,,
1416262501.16773,pg_catalog,pg_auth_members,0,0,0,0,0,0,0,0,0,0,0,0,0,0,,,,
1416262501.16773,pg_catalog,pg_operator,0,0,202769,845431,0,0,0,0,0,0,60303,550369,45597,410517,,,,
1416262501.16773,pg_catalog,pg_aggregate,0,0,13536,13536,0,0,0,0,0,0,4550,8986,9093,15155,,,,
1416262501.16773,pg_catalog,pg_pltemplate,0,0,0,0,0,0,0,0,0,0,0,0,0,0,,,,
1416262501.16773,pg_toast,pg_toast_12188,0,0,0,0,0,0,0,0,0,0,0,0,0,0,,,,
1416262501.16773,pg_catalog,pg_description,0,0,3311,0,0,0,0,0,0,0,0,0,1277,6054,0,0,0,0
1416262501.16773,pg_catalog,pg_language,0,0,0,0,0,0,0,0,0,0,0,0,0,0,,,,
1416262501.16773,public,time_statistics,0,0,,,1,0,0,0,1,0,1,0,,,,,,
1416262501.16773,pg_catalog,pg_ts_parser,0,0,0,0,0,0,0,0,0,0,0,0,0,0,,,,
1416262501.16773,pg_catalog,pg_shseclabel,0,0,0,0,0,0,0,0,0,0,0,0,0,0,,,,
1416262501.16773,pg_catalog,pg_foreign_table,0,0,0,0,0,0,0,0,0,0,0,0,0,0,,,,
1416262501.16773,information_schema,sql_packages,0,0,,,0,0,0,0,0,0,0,0,,,0,0,0,0
1416262501.16773,information_schema,sql_parts,0,0,,,0,0,0,0,0,0,0,0,,,0,0,0,0
1416262501.16773,pg_catalog,pg_attrdef,0,0,0,0,0,0,0,0,0,0,0,0,0,0,0,0,0,0
1416262501.16773,pg_catalog,pg_ts_template,0,0,0,0,0,0,0,0,0,0,0,0,0,0,,,,
1416262501.16773,pg_catalog,pg_foreign_server,0,0,0,0,0,0,0,0,0,0,0,0,0,0,,,,
1416262501.16773,pg_catalog,pg_default_acl,0,0,2876,0,0,0,0,0,0,0,0,0,351,2525,,,,
1416262501.16773,pg_toast,pg_toast_12198,0,0,0,0,0,0,0,0,0,0,0,0,0,0,,,,
1416262501.16773,pg_toast,pg_toast_12208,0,0,0,0,0,0,0,0,0,0,0,0,0,0,,,,
1416262501.16773,public,region,2,10,0,0,5,0,0,0,5,0,1,3,0,0,,,,
1416262501.16773,pg_catalog,pg_attribute,2926,19418,874991,1692277,5568,198,5404,162,2411,8,92241,849480,43656,1769330,,,,
1416262501.16773,pg_catalog,pg_statistic,0,0,199929,148578,1295,3007,1248,2604,431,65,38221,119731,20761,410211,1564,2911,1822,3555
1416262501.16773,pg_toast,pg_toast_12203,0,0,0,0,0,0,0,0,0,0,0,0,0,0,,,,
1416262501.16773,pg_toast,pg_toast_2618,0,0,11874,38562,0,0,0,0,0,0,9294,11457,3623,14245,,,,
1416262501.16773,pg_toast,pg_toast_3596,0,0,0,0,0,0,0,0,0,0,0,0,0,0,,,,
1416262501.16773,pg_catalog,pg_depend,0,0,30502,32898,5630,0,5561,0,5586,146,5818,38199,10308,77038,,,,
1416262501.16773,information_schema,sql_languages,0,0,,,0,0,0,0,0,0,0,0,,,0,0,0,0
1416262501.16773,pg_catalog,pg_opclass,532,532,166261,1808829,0,0,0,0,0,0,13222,613655,25876,193368,,,,
1416262501.16773,pg_catalog,pg_proc,0,0,372584,548168,0,0,0,0,0,0,69603,359614,68926,756212,0,0,0,0
1416262501.16773,information_schema,sql_implementation_info,0,0,,,0,0,0,0,0,0,0,0,,,0,0,0,0
1416262501.16773,pg_catalog,pg_trigger,0,0,0,0,0,0,0,0,0,0,0,0,0,0,0,0,0,0
1416262501.16773,pg_catalog,pg_am,37028,37028,0,0,0,0,0,0,0,0,7760,29268,0,0,,,,
1416262501.16773,pg_catalog,pg_largeobject_metadata,0,0,0,0,0,0,0,0,0,0,0,0,0,0,,,,
1416262501.16773,pg_catalog,pg_ts_config_map,0,0,0,0,0,0,0,0,0,0,0,0,0,0,,,,
1416262501.16773,pg_catalog,pg_type,0,0,693536,688371,1418,0,1399,0,349,0,23273,671408,29063,1382547,,,,
1416262501.16773,pg_catalog,pg_shdepend,0,0,4060,748,0,0,0,0,0,0,348,400,1569,3921,,,,
1416262501.16773,information_schema,sql_sizing,0,0,,,0,0,0,0,0,0,0,0,,,0,0,0,0
1416262501.16773,public,nation,2,50,0,0,25,0,0,0,25,0,1,3,0,0,,,,
1416262501.16773,public,supplier,4,400000,0,0,100000,0,0,0,100000,0,2312,15648,0,0,,,,
1416262501.16773,public,customer,6,9000000,0,0,1500000,0,0,0,1500000,0,68533,294857,0,0,,,,
1416262501.16773,pg_catalog,pg_conversion,0,0,0,0,0,0,0,0,0,0,0,0,0,0,,,,
1416262501.16773,pg_catalog,pg_foreign_data_wrapper,0,0,0,0,0,0,0,0,0,0,0,0,0,0,,,,
1416262501.16773,pg_catalog,pg_opfamily,0,0,0,0,0,0,0,0,0,0,0,0,0,0,,,,
1416262501.16773,pg_catalog,pg_shdescription,0,0,0,0,0,0,0,0,0,0,0,0,0,0,0,0,0,0
1416262501.16773,pg_catalog,pg_tablespace,2,4,27176,27176,0,0,0,0,0,0,6145,21033,12324,42028,,,,
1416262501.16773,pg_catalog,pg_inherits,0,0,709,0,0,0,0,0,0,0,0,0,353,356,,,,
1416262501.16773,pg_toast,pg_toast_2606,0,0,0,0,0,0,0,0,0,0,0,0,0,0,,,,
1416262501.16773,pg_toast,pg_toast_2964,0,0,0,0,0,0,0,0,0,0,0,0,0,0,,,,
1416262501.16773,pg_catalog,pg_database,8882,35090,163359,163357,1,0,0,0,1,0,8145,164095,36652,205214,,,,
1416262501.16773,pg_toast,pg_toast_2620,0,0,0,0,0,0,0,0,0,0,0,0,0,0,,,,
1416262501.16773,pg_toast,pg_toast_12213,0,0,0,0,0,0,0,0,0,0,0,0,0,0,,,,
1416262501.16773,pg_catalog,pg_amproc,532,1064,129987,193279,0,0,0,0,0,0,9707,118785,26540,269746,,,,
1416262501.16773,pg_catalog,pg_collation,0,0,0,0,0,0,0,0,0,0,0,0,0,0,,,,
1416262501.16773,pg_catalog,pg_constraint,0,0,311,152,159,0,152,0,9,40,88,879,160,1583,0,0,0,0
1416262501.16773,pg_catalog,pg_range,0,0,4765,0,0,0,0,0,0,0,0,0,6931,2599,,,,
1416262501.16773,pg_catalog,pg_user_mapping,0,0,0,0,0,0,0,0,0,0,0,0,0,0,,,,
1416262501.16773,public,partsupp,3,24000000,0,0,8000000,0,0,0,8000000,0,340611,954509,0,0,,,,
1416262501.16773,pg_catalog,pg_largeobject,0,0,0,0,0,0,0,0,0,0,0,0,0,0,,,,
1416262501.16773,pg_catalog,pg_namespace,6273,168472,463601,430263,28,0,0,0,28,0,6744,429863,17326,484913,,,,
1416262501.16773,pg_catalog,pg_authid,3086,3086,67061,67061,0,0,0,0,0,0,6950,63197,25822,108300,,,,
1416262501.16773,pg_toast,pg_toast_12193,0,0,0,0,0,0,0,0,0,0,0,0,0,0,,,,
1416262501.16773,pg_catalog,pg_index,13679,1625447,287903,409219,716,0,696,0,130,0,29460,403899,28187,321547,,,,
1416262501.16773,pg_catalog,pg_ts_dict,0,0,0,0,0,0,0,0,0,0,0,0,0,0,,,,
1416262501.16773,information_schema,sql_features,0,0,,,0,0,0,0,0,0,0,0,,,0,0,0,0
1416262501.16773,public,part,6,12000000,0,0,2000000,0,0,0,2000000,0,79007,327715,0,0,,,,
1416262501.16773,pg_catalog,pg_class,35499,8874463,1335600,1295270,1435,355,1405,341,318,58,72361,1569836,60428,2669491,,,,
1416262501.16773,pg_toast,pg_toast_12183,0,0,0,0,0,0,0,0,0,0,0,0,0,0,,,,
1416262501.16773,information_schema,sql_sizing_profiles,0,0,,,0,0,0,0,0,0,0,0,,,0,0,0,0
1416262501.16773,pg_toast,pg_toast_2396,0,0,0,0,0,0,0,0,0,0,0,0,0,0,,,,
1416262501.16773,pg_catalog,pg_enum,0,0,0,0,0,0,0,0,0,0,0,0,0,0,,,,
1416262501.16773,pg_catalog,pg_db_role_setting,0,0,117867,0,0,0,0,0,0,0,0,0,7973,109894,0,0,0,0
1416262501.16773,pg_catalog,pg_seclabel,0,0,3311,0,0,0,0,0,0,0,0,0,393,2918,0,0,0,0
1416262501.16773,pg_toast,pg_toast_2609,0,0,0,0,0,0,0,0,0,0,0,0,0,0,,,,
1416262501.16773,pg_toast,pg_toast_1255,0,0,0,0,0,0,0,0,0,0,0,0,0,0,,,,
1416262501.16773,public,lineitem,0,0,,,0,0,0,0,0,0,0,0,,,,,,
1416262501.16773,pg_catalog,pg_rewrite,0,0,22824,21759,355,0,355,0,112,20,10629,13932,4601,34469,9294,11457,3623,14245
1416262501.16773,pg_catalog,pg_ts_config,0,0,0,0,0,0,0,0,0,0,0,0,0,0,,,,
1416262501.16773,pg_catalog,pg_extension,0,0,0,0,0,0,0,0,0,0,0,0,0,0,,,,
1416262501.16773,pg_catalog,pg_amop,0,0,268423,372502,0,0,0,0,0,0,20647,351855,34865,546570,,,,
1416262501.16773,pg_catalog,pg_cast,0,0,846666,236080,0,0,0,0,0,0,8914,227166,11425,867727,,,,
1416262501.16773,public,orders,4,60000000,0,0,15000000,0,0,0,15000000,0,504554,1558780,0,0,,,,
1416262501.16773,pg_toast,pg_toast_2619,0,0,2850,5278,451,0,248,0,217,1,1564,2911,1822,3555,,,,
1416262501.16773,pg_toast,pg_toast_2604,0,0,0,0,0,0,0,0,0,0,0,0,0,0,,,,
1416262561.16827,pg_catalog,pg_auth_members,0,0,0,0,0,0,0,0,0,0,0,0,0,0,,,,
1416262561.16827,pg_catalog,pg_operator,0,0,202788,845450,0,0,0,0,0,0,60303,550388,45597,410565,,,,
1416262561.16827,pg_catalog,pg_aggregate,0,0,13537,13537,0,0,0,0,0,0,4550,8987,9093,15157,,,,
1416262561.16827,pg_catalog,pg_pltemplate,0,0,0,0,0,0,0,0,0,0,0,0,0,0,,,,
1416262561.16827,pg_toast,pg_toast_12188,0,0,0,0,0,0,0,0,0,0,0,0,0,0,,,,
1416262561.16827,pg_catalog,pg_description,0,0,3311,0,0,0,0,0,0,0,0,0,1277,6054,0,0,0,0
1416262561.16827,pg_catalog,pg_language,0,0,0,0,0,0,0,0,0,0,0,0,0,0,,,,
1416262561.16827,public,time_statistics,0,0,,,1,0,0,0,1,0,1,0,,,,,,
1416262561.16827,pg_catalog,pg_ts_parser,0,0,0,0,0,0,0,0,0,0,0,0,0,0,,,,
1416262561.16827,pg_catalog,pg_shseclabel,0,0,0,0,0,0,0,0,0,0,0,0,0,0,,,,
1416262561.16827,pg_catalog,pg_foreign_table,0,0,0,0,0,0,0,0,0,0,0,0,0,0,,,,
1416262561.16827,information_schema,sql_packages,0,0,,,0,0,0,0,0,0,0,0,,,0,0,0,0
1416262561.16827,information_schema,sql_parts,0,0,,,0,0,0,0,0,0,0,0,,,0,0,0,0
1416262561.16827,pg_catalog,pg_attrdef,0,0,0,0,0,0,0,0,0,0,0,0,0,0,0,0,0,0
1416262561.16827,pg_catalog,pg_ts_template,0,0,0,0,0,0,0,0,0,0,0,0,0,0,,,,
1416262561.16827,pg_catalog,pg_foreign_server,0,0,0,0,0,0,0,0,0,0,0,0,0,0,,,,
1416262561.16827,pg_catalog,pg_default_acl,0,0,2876,0,0,0,0,0,0,0,0,0,351,2525,,,,
1416262561.16827,pg_toast,pg_toast_12198,0,0,0,0,0,0,0,0,0,0,0,0,0,0,,,,
1416262561.16827,pg_toast,pg_toast_12208,0,0,0,0,0,0,0,0,0,0,0,0,0,0,,,,
1416262561.16827,public,region,2,10,0,0,5,0,0,0,5,0,1,3,0,0,,,,
1416262561.16827,pg_catalog,pg_attribute,2926,19418,875213,1692684,5568,198,5404,162,2411,8,92241,849704,43656,1769790,,,,
1416262561.16827,pg_catalog,pg_statistic,0,0,199956,148599,1295,3007,1248,2604,431,65,38221,119752,20761,410271,1564,2915,1822,3563
1416262561.16827,pg_toast,pg_toast_12203,0,0,0,0,0,0,0,0,0,0,0,0,0,0,,,,
1416262561.16827,pg_toast,pg_toast_2618,0,0,11878,38575,0,0,0,0,0,0,9294,11464,3623,14251,,,,
1416262561.16827,pg_toast,pg_toast_3596,0,0,0,0,0,0,0,0,0,0,0,0,0,0,,,,
1416262561.16827,pg_catalog,pg_depend,0,0,30502,32898,5630,0,5561,0,5586,146,5818,38199,10308,77038,,,,
1416262561.16827,information_schema,sql_languages,0,0,,,0,0,0,0,0,0,0,0,,,0,0,0,0
1416262561.16827,pg_catalog,pg_opclass,532,532,166293,1809093,0,0,0,0,0,0,13222,613749,25876,193420,,,,
1416262561.16827,pg_catalog,pg_proc,0,0,372666,548292,0,0,0,0,0,0,69603,359714,68926,756394,0,0,0,0
1416262561.16827,information_schema,sql_implementation_info,0,0,,,0,0,0,0,0,0,0,0,,,0,0,0,0
1416262561.16827,pg_catalog,pg_trigger,0,0,0,0,0,0,0,0,0,0,0,0,0,0,0,0,0,0
1416262561.16827,pg_catalog,pg_am,37044,37044,0,0,0,0,0,0,0,0,7760,29284,0,0,,,,
1416262561.16827,pg_catalog,pg_largeobject_metadata,0,0,0,0,0,0,0,0,0,0,0,0,0,0,,,,
1416262561.16827,pg_catalog,pg_ts_config_map,0,0,0,0,0,0,0,0,0,0,0,0,0,0,,,,
1416262561.16827,pg_catalog,pg_type,0,0,693651,688486,1418,0,1399,0,349,0,23273,671523,29063,1382784,,,,
1416262561.16827,pg_catalog,pg_shdepend,0,0,4060,748,0,0,0,0,0,0,348,400,1569,3921,,,,
1416262561.16827,information_schema,sql_sizing,0,0,,,0,0,0,0,0,0,0,0,,,0,0,0,0
1416262561.16827,public,nation,2,50,0,0,25,0,0,0,25,0,1,3,0,0,,,,
1416262561.16827,public,supplier,4,400000,0,0,100000,0,0,0,100000,0,2312,15648,0,0,,,,
1416262561.16827,public,customer,6,9000000,0,0,1500000,0,0,0,1500000,0,68533,294857,0,0,,,,
1416262561.16827,pg_catalog,pg_conversion,0,0,0,0,0,0,0,0,0,0,0,0,0,0,,,,
1416262561.16827,pg_catalog,pg_foreign_data_wrapper,0,0,0,0,0,0,0,0,0,0,0,0,0,0,,,,
1416262561.16827,pg_catalog,pg_opfamily,0,0,0,0,0,0,0,0,0,0,0,0,0,0,,,,
1416262561.16827,pg_catalog,pg_shdescription,0,0,0,0,0,0,0,0,0,0,0,0,0,0,0,0,0,0
1416262561.16827,pg_catalog,pg_tablespace,2,4,27182,27182,0,0,0,0,0,0,6145,21039,12324,42040,,,,
1416262561.16827,pg_catalog,pg_inherits,0,0,709,0,0,0,0,0,0,0,0,0,353,356,,,,
1416262561.16827,pg_toast,pg_toast_2606,0,0,0,0,0,0,0,0,0,0,0,0,0,0,,,,
1416262561.16827,pg_toast,pg_toast_2964,0,0,0,0,0,0,0,0,0,0,0,0,0,0,,,,
1416262561.16827,pg_catalog,pg_database,8885,35102,163417,163415,1,0,0,0,1,0,8145,164156,36652,205306,,,,
1416262561.16827,pg_toast,pg_toast_2620,0,0,0,0,0,0,0,0,0,0,0,0,0,0,,,,
1416262561.16827,pg_toast,pg_toast_12213,0,0,0,0,0,0,0,0,0,0,0,0,0,0,,,,
1416262561.16827,pg_catalog,pg_amproc,532,1064,130017,193329,0,0,0,0,0,0,9707,118815,26540,269822,,,,
1416262561.16827,pg_catalog,pg_collation,0,0,0,0,0,0,0,0,0,0,0,0,0,0,,,,
1416262561.16827,pg_catalog,pg_constraint,0,0,311,152,159,0,152,0,9,40,88,879,160,1583,0,0,0,0
1416262561.16827,pg_catalog,pg_range,0,0,4765,0,0,0,0,0,0,0,0,0,6931,2599,,,,
1416262561.16827,pg_catalog,pg_user_mapping,0,0,0,0,0,0,0,0,0,0,0,0,0,0,,,,
1416262561.16827,public,partsupp,3,24000000,0,0,8000000,0,0,0,8000000,0,340611,954509,0,0,,,,
1416262561.16827,pg_catalog,pg_largeobject,0,0,0,0,0,0,0,0,0,0,0,0,0,0,,,,
1416262561.16827,pg_catalog,pg_namespace,6275,168540,463752,430407,28,0,0,0,28,0,6744,430009,17326,485073,,,,
1416262561.16827,pg_catalog,pg_authid,3087,3087,67091,67091,0,0,0,0,0,0,6950,63228,25822,108360,,,,
1416262561.16827,pg_toast,pg_toast_12193,0,0,0,0,0,0,0,0,0,0,0,0,0,0,,,,
1416262561.16827,pg_catalog,pg_index,13683,1625967,287950,409277,716,0,696,0,130,0,29460,403966,28187,321616,,,,
1416262561.16827,pg_catalog,pg_ts_dict,0,0,0,0,0,0,0,0,0,0,0,0,0,0,,,,
1416262561.16827,information_schema,sql_features,0,0,,,0,0,0,0,0,0,0,0,,,0,0,0,0
1416262561.16827,public,part,6,12000000,0,0,2000000,0,0,0,2000000,0,79007,327715,0,0,,,,
1416262561.16827,pg_catalog,pg_class,35511,8877726,1335952,1295621,1435,355,1405,341,318,58,72361,1570308,60428,2670219,,,,
1416262561.16827,pg_toast,pg_toast_12183,0,0,0,0,0,0,0,0,0,0,0,0,0,0,,,,
1416262561.16827,information_schema,sql_sizing_profiles,0,0,,,0,0,0,0,0,0,0,0,,,0,0,0,0
1416262561.16827,pg_toast,pg_toast_2396,0,0,0,0,0,0,0,0,0,0,0,0,0,0,,,,
1416262561.16827,pg_catalog,pg_enum,0,0,0,0,0,0,0,0,0,0,0,0,0,0,,,,
1416262561.16827,pg_catalog,pg_db_role_setting,0,0,117918,0,0,0,0,0,0,0,0,0,7973,109945,0,0,0,0
1416262561.16827,pg_catalog,pg_seclabel,0,0,3311,0,0,0,0,0,0,0,0,0,393,2918,0,0,0,0
1416262561.16827,pg_toast,pg_toast_2609,0,0,0,0,0,0,0,0,0,0,0,0,0,0,,,,
1416262561.16827,pg_toast,pg_toast_1255,0,0,0,0,0,0,0,0,0,0,0,0,0,0,,,,
1416262561.16827,public,lineitem,0,0,,,59986052,0,0,0,59986052,0,1065680,2307885,,,,,,
1416262561.16827,pg_catalog,pg_rewrite,0,0,22832,21767,355,0,355,0,112,20,10629,13940,4601,34483,9294,11464,3623,14251
1416262561.16827,pg_catalog,pg_ts_config,0,0,0,0,0,0,0,0,0,0,0,0,0,0,,,,
1416262561.16827,pg_catalog,pg_extension,0,0,0,0,0,0,0,0,0,0,0,0,0,0,,,,
1416262561.16827,pg_catalog,pg_amop,0,0,268466,372555,0,0,0,0,0,0,20647,351908,34865,546666,,,,
1416262561.16827,pg_catalog,pg_cast,0,0,846762,236114,0,0,0,0,0,0,8914,227200,11425,867829,,,,
1416262561.16827,public,orders,4,60000000,0,0,15000000,0,0,0,15000000,0,504554,1558780,0,0,,,,
1416262561.16827,pg_toast,pg_toast_2619,0,0,2854,5286,451,0,248,0,217,1,1564,2915,1822,3563,,,,
1416262561.16827,pg_toast,pg_toast_2604,0,0,0,0,0,0,0,0,0,0,0,0,0,0,,,,
1416262621.17372,pg_catalog,pg_auth_members,0,0,0,0,0,0,0,0,0,0,0,0,0,0,,,,
1416262621.17372,pg_catalog,pg_operator,0,0,202803,845465,0,0,0,0,0,0,60303,550403,45597,410601,,,,
1416262621.17372,pg_catalog,pg_aggregate,0,0,13538,13538,0,0,0,0,0,0,4550,8988,9093,15159,,,,
1416262621.17372,pg_catalog,pg_pltemplate,0,0,0,0,0,0,0,0,0,0,0,0,0,0,,,,
1416262621.17372,pg_toast,pg_toast_12188,0,0,0,0,0,0,0,0,0,0,0,0,0,0,,,,
1416262621.17372,pg_catalog,pg_description,0,0,3311,0,0,0,0,0,0,0,0,0,1277,6054,0,0,0,0
1416262621.17372,pg_catalog,pg_language,0,0,0,0,0,0,0,0,0,0,0,0,0,0,,,,
1416262621.17372,public,time_statistics,0,0,,,1,0,0,0,1,0,1,0,,,,,,
1416262621.17372,pg_catalog,pg_ts_parser,0,0,0,0,0,0,0,0,0,0,0,0,0,0,,,,
1416262621.17372,pg_catalog,pg_shseclabel,0,0,0,0,0,0,0,0,0,0,0,0,0,0,,,,
1416262621.17372,pg_catalog,pg_foreign_table,0,0,0,0,0,0,0,0,0,0,0,0,0,0,,,,
1416262621.17372,information_schema,sql_packages,0,0,,,0,0,0,0,0,0,0,0,,,0,0,0,0
1416262621.17372,information_schema,sql_parts,0,0,,,0,0,0,0,0,0,0,0,,,0,0,0,0
1416262621.17372,pg_catalog,pg_attrdef,0,0,0,0,0,0,0,0,0,0,0,0,0,0,0,0,0,0
1416262621.17372,pg_catalog,pg_ts_template,0,0,0,0,0,0,0,0,0,0,0,0,0,0,,,,
1416262621.17372,pg_catalog,pg_foreign_server,0,0,0,0,0,0,0,0,0,0,0,0,0,0,,,,
1416262621.17372,pg_catalog,pg_default_acl,0,0,2876,0,0,0,0,0,0,0,0,0,351,2525,,,,
1416262621.17372,pg_toast,pg_toast_12198,0,0,0,0,0,0,0,0,0,0,0,0,0,0,,,,
1416262621.17372,pg_toast,pg_toast_12208,0,0,0,0,0,0,0,0,0,0,0,0,0,0,,,,
1416262621.17372,public,region,2,10,0,0,5,0,0,0,5,0,1,3,0,0,,,,
1416262621.17372,pg_catalog,pg_attribute,2926,19418,875388,1692956,5568,198,5404,162,2411,8,92241,849880,43656,1770143,,,,
1416262621.17372,pg_catalog,pg_statistic,0,0,199979,148616,1295,3007,1248,2604,431,64,38221,119769,20761,410321,1564,2917,1822,3567
1416262621.17372,pg_toast,pg_toast_12203,0,0,0,0,0,0,0,0,0,0,0,0,0,0,,,,
1416262621.17372,pg_toast,pg_toast_2618,0,0,11882,38588,0,0,0,0,0,0,9294,11471,3623,14257,,,,
1416262621.17372,pg_toast,pg_toast_3596,0,0,0,0,0,0,0,0,0,0,0,0,0,0,,,,
1416262621.17372,pg_catalog,pg_depend,0,0,30502,32898,5630,0,5561,0,5586,146,5818,38199,10308,77038,,,,
1416262621.17372,information_schema,sql_languages,0,0,,,0,0,0,0,0,0,0,0,,,0,0,0,0
1416262621.17372,pg_catalog,pg_opclass,532,532,166302,1809182,0,0,0,0,0,0,13222,613774,25876,193434,,,,
1416262621.17372,pg_catalog,pg_proc,0,0,372736,548390,0,0,0,0,0,0,69603,359796,68926,756546,0,0,0,0
1416262621.17372,information_schema,sql_implementation_info,0,0,,,0,0,0,0,0,0,0,0,,,0,0,0,0
1416262621.17372,pg_catalog,pg_trigger,0,0,0,0,0,0,0,0,0,0,0,0,0,0,0,0,0,0
1416262621.17372,pg_catalog,pg_am,37047,37047,0,0,0,0,0,0,0,0,7760,29287,0,0,,,,
1416262621.17372,pg_catalog,pg_largeobject_metadata,0,0,0,0,0,0,0,0,0,0,0,0,0,0,,,,
1416262621.17372,pg_catalog,pg_ts_config_map,0,0,0,0,0,0,0,0,0,0,0,0,0,0,,,,
1416262621.17372,pg_catalog,pg_type,0,0,693721,688556,1418,0,1399,0,349,0,23273,671593,29063,1382928,,,,
1416262621.17372,pg_catalog,pg_shdepend,0,0,4060,748,0,0,0,0,0,0,348,400,1569,3921,,,,
1416262621.17372,information_schema,sql_sizing,0,0,,,0,0,0,0,0,0,0,0,,,0,0,0,0
1416262621.17372,public,nation,2,50,0,0,25,0,0,0,25,0,1,3,0,0,,,,
1416262621.17372,public,supplier,4,400000,0,0,100000,0,0,0,100000,0,2312,15648,0,0,,,,
1416262621.17372,public,customer,6,9000000,0,0,1500000,0,0,0,1500000,0,68533,294857,0,0,,,,
1416262621.17372,pg_catalog,pg_conversion,0,0,0,0,0,0,0,0,0,0,0,0,0,0,,,,
1416262621.17372,pg_catalog,pg_foreign_data_wrapper,0,0,0,0,0,0,0,0,0,0,0,0,0,0,,,,
1416262621.17372,pg_catalog,pg_opfamily,0,0,0,0,0,0,0,0,0,0,0,0,0,0,,,,
1416262621.17372,pg_catalog,pg_shdescription,0,0,0,0,0,0,0,0,0,0,0,0,0,0,0,0,0,0
1416262621.17372,pg_catalog,pg_tablespace,2,4,27186,27186,0,0,0,0,0,0,6145,21043,12324,42048,,,,
1416262621.17372,pg_catalog,pg_inherits,0,0,709,0,0,0,0,0,0,0,0,0,353,356,,,,
1416262621.17372,pg_toast,pg_toast_2606,0,0,0,0,0,0,0,0,0,0,0,0,0,0,,,,
1416262621.17372,pg_toast,pg_toast_2964,0,0,0,0,0,0,0,0,0,0,0,0,0,0,,,,
1416262621.17372,pg_catalog,pg_database,8888,35114,163443,163441,1,0,0,0,1,0,8145,164185,36652,205340,,,,
1416262621.17372,pg_toast,pg_toast_2620,0,0,0,0,0,0,0,0,0,0,0,0,0,0,,,,
1416262621.17372,pg_toast,pg_toast_12213,0,0,0,0,0,0,0,0,0,0,0,0,0,0,,,,
1416262621.17372,pg_catalog,pg_amproc,532,1064,130026,193343,0,0,0,0,0,0,9707,118824,26540,269843,,,,
1416262621.17372,pg_catalog,pg_collation,0,0,0,0,0,0,0,0,0,0,0,0,0,0,,,,
1416262621.17372,pg_catalog,pg_constraint,0,0,311,152,159,0,152,0,9,40,88,879,160,1583,0,0,0,0
1416262621.17372,pg_catalog,pg_range,0,0,4765,0,0,0,0,0,0,0,0,0,6931,2599,,,,
1416262621.17372,pg_catalog,pg_user_mapping,0,0,0,0,0,0,0,0,0,0,0,0,0,0,,,,
1416262621.17372,public,partsupp,3,24000000,0,0,8000000,0,0,0,8000000,0,340611,954509,0,0,,,,
1416262621.17372,pg_catalog,pg_largeobject,0,0,0,0,0,0,0,0,0,0,0,0,0,0,,,,
1416262621.17372,pg_catalog,pg_namespace,6277,168608,463895,430546,28,0,0,0,28,0,6744,430150,17326,485222,,,,
1416262621.17372,pg_catalog,pg_authid,3088,3088,67095,67095,0,0,0,0,0,0,6950,63233,25822,108368,,,,
1416262621.17372,pg_toast,pg_toast_12193,0,0,0,0,0,0,0,0,0,0,0,0,0,0,,,,
1416262621.17372,pg_catalog,pg_index,13687,1626487,287978,409314,716,0,696,0,130,0,29460,404014,28187,321651,,,,
1416262621.17372,pg_catalog,pg_ts_dict,0,0,0,0,0,0,0,0,0,0,0,0,0,0,,,,
1416262621.17372,information_schema,sql_features,0,0,,,0,0,0,0,0,0,0,0,,,0,0,0,0
1416262621.17372,public,part,6,12000000,0,0,2000000,0,0,0,2000000,0,79007,327715,0,0,,,,
1416262621.17372,pg_catalog,pg_class,35521,8880353,1336258,1295927,1435,355,1405,341,318,58,72361,1570715,60428,2670839,,,,
1416262621.17372,pg_toast,pg_toast_12183,0,0,0,0,0,0,0,0,0,0,0,0,0,0,,,,
1416262621.17372,information_schema,sql_sizing_profiles,0,0,,,0,0,0,0,0,0,0,0,,,0,0,0,0
1416262621.17372,pg_toast,pg_toast_2396,0,0,0,0,0,0,0,0,0,0,0,0,0,0,,,,
1416262621.17372,pg_catalog,pg_enum,0,0,0,0,0,0,0,0,0,0,0,0,0,0,,,,
1416262621.17372,pg_catalog,pg_db_role_setting,0,0,117930,0,0,0,0,0,0,0,0,0,7973,109957,0,0,0,0
1416262621.17372,pg_catalog,pg_seclabel,0,0,3311,0,0,0,0,0,0,0,0,0,393,2918,0,0,0,0
1416262621.17372,pg_toast,pg_toast_2609,0,0,0,0,0,0,0,0,0,0,0,0,0,0,,,,
1416262621.17372,pg_toast,pg_toast_1255,0,0,0,0,0,0,0,0,0,0,0,0,0,0,,,,
1416262621.17372,public,lineitem,0,0,,,59986052,0,0,0,59986052,0,1065680,2307885,,,,,,
1416262621.17372,pg_catalog,pg_rewrite,0,0,22838,21773,355,0,355,0,112,20,10629,13946,4601,34493,9294,11471,3623,14257
1416262621.17372,pg_catalog,pg_ts_config,0,0,0,0,0,0,0,0,0,0,0,0,0,0,,,,
1416262621.17372,pg_catalog,pg_extension,0,0,0,0,0,0,0,0,0,0,0,0,0,0,,,,
1416262621.17372,pg_catalog,pg_amop,0,0,268489,372584,0,0,0,0,0,0,20647,351937,34865,546718,,,,
1416262621.17372,pg_catalog,pg_cast,0,0,846802,236136,0,0,0,0,0,0,8914,227222,11425,867873,,,,
1416262621.17372,public,orders,4,60000000,0,0,15000000,0,0,0,15000000,0,504554,1558780,0,0,,,,
1416262621.17372,pg_toast,pg_toast_2619,0,0,2856,5290,451,0,248,0,217,1,1564,2917,1822,3567,,,,
1416262621.17372,pg_toast,pg_toast_2604,0,0,0,0,0,0,0,0,0,0,0,0,0,0,,,,
1416262681.17299,pg_catalog,pg_auth_members,0,0,0,0,0,0,0,0,0,0,0,0,0,0,,,,
1416262681.17299,pg_catalog,pg_operator,0,0,202824,845486,0,0,0,0,0,0,60303,550424,45598,410654,,,,
1416262681.17299,pg_catalog,pg_aggregate,0,0,13539,13539,0,0,0,0,0,0,4550,8989,9093,15161,,,,
1416262681.17299,pg_catalog,pg_pltemplate,0,0,0,0,0,0,0,0,0,0,0,0,0,0,,,,
1416262681.17299,pg_toast,pg_toast_12188,0,0,0,0,0,0,0,0,0,0,0,0,0,0,,,,
1416262681.17299,pg_catalog,pg_description,0,0,3311,0,0,0,0,0,0,0,0,0,1277,6054,0,0,0,0
1416262681.17299,pg_catalog,pg_language,0,0,0,0,0,0,0,0,0,0,0,0,0,0,,,,
1416262681.17299,public,time_statistics,0,0,,,1,0,0,0,1,0,1,0,,,,,,
1416262681.17299,pg_catalog,pg_ts_parser,0,0,0,0,0,0,0,0,0,0,0,0,0,0,,,,
1416262681.17299,pg_catalog,pg_shseclabel,0,0,0,0,0,0,0,0,0,0,0,0,0,0,,,,
1416262681.17299,pg_catalog,pg_foreign_table,0,0,0,0,0,0,0,0,0,0,0,0,0,0,,,,
1416262681.17299,information_schema,sql_packages,0,0,,,0,0,0,0,0,0,0,0,,,0,0,0,0
1416262681.17299,information_schema,sql_parts,0,0,,,0,0,0,0,0,0,0,0,,,0,0,0,0
1416262681.17299,pg_catalog,pg_attrdef,0,0,0,0,0,0,0,0,0,0,0,0,0,0,0,0,0,0
1416262681.17299,pg_catalog,pg_ts_template,0,0,0,0,0,0,0,0,0,0,0,0,0,0,,,,
1416262681.17299,pg_catalog,pg_foreign_server,0,0,0,0,0,0,0,0,0,0,0,0,0,0,,,,
1416262681.17299,pg_catalog,pg_default_acl,0,0,2876,0,0,0,0,0,0,0,0,0,351,2525,,,,
1416262681.17299,pg_toast,pg_toast_12198,0,0,0,0,0,0,0,0,0,0,0,0,0,0,,,,
1416262681.17299,pg_toast,pg_toast_12208,0,0,0,0,0,0,0,0,0,0,0,0,0,0,,,,
1416262681.17299,public,region,2,10,0,0,5,0,0,0,5,0,1,3,0,0,,,,
1416262681.17299,pg_catalog,pg_attribute,2926,19418,875622,1693489,5572,200,5404,164,2415,10,92241,850139,43656,1770639,,,,
1416262681.17299,pg_catalog,pg_statistic,0,0,200004,148635,1295,3007,1248,2604,431,64,38221,119788,20761,410376,1564,2920,1822,3573
1416262681.17299,pg_toast,pg_toast_12203,0,0,0,0,0,0,0,0,0,0,0,0,0,0,,,,
1416262681.17299,pg_toast,pg_toast_2618,0,0,11886,38601,0,0,0,0,0,0,9294,11478,3623,14263,,,,
1416262681.17299,pg_toast,pg_toast_3596,0,0,0,0,0,0,0,0,0,0,0,0,0,0,,,,
1416262681.17299,pg_catalog,pg_depend,0,0,30518,32913,5639,0,5561,0,5595,146,5819,38231,10308,77112,,,,
1416262681.17299,information_schema,sql_languages,0,0,,,0,0,0,0,0,0,0,0,,,0,0,0,0
1416262681.17299,pg_catalog,pg_opclass,532,532,166333,1809529,0,0,0,0,0,0,13222,613876,25876,193480,,,,
1416262681.17299,pg_catalog,pg_proc,0,0,372814,548503,0,0,0,0,0,0,69604,359888,68926,756719,0,0,0,0
1416262681.17299,information_schema,sql_implementation_info,0,0,,,0,0,0,0,0,0,0,0,,,0,0,0,0
1416262681.17299,pg_catalog,pg_trigger,0,0,0,0,0,0,0,0,0,0,0,0,0,0,0,0,0,0
1416262681.17299,pg_catalog,pg_am,37059,37059,0,0,0,0,0,0,0,0,7760,29299,0,0,,,,
1416262681.17299,pg_catalog,pg_largeobject_metadata,0,0,0,0,0,0,0,0,0,0,0,0,0,0,,,,
1416262681.17299,pg_catalog,pg_ts_config_map,0,0,0,0,0,0,0,0,0,0,0,0,0,0,,,,
1416262681.17299,pg_catalog,pg_type,0,0,693817,688652,1418,0,1399,0,349,0,23273,671689,29063,1383128,,,,
1416262681.17299,pg_catalog,pg_shdepend,0,0,4060,748,0,0,0,0,0,0,348,400,1569,3921,,,,
1416262681.17299,information_schema,sql_sizing,0,0,,,0,0,0,0,0,0,0,0,,,0,0,0,0
1416262681.17299,public,nation,2,50,0,0,25,0,0,0,25,0,1,3,0,0,,,,
1416262681.17299,public,supplier,4,400000,0,0,100000,0,0,0,100000,0,2312,15648,0,0,,,,
1416262681.17299,public,customer,6,9000000,0,0,1500000,0,0,0,1500000,0,68533,294857,0,0,,,,
1416262681.17299,pg_catalog,pg_conversion,0,0,0,0,0,0,0,0,0,0,0,0,0,0,,,,
1416262681.17299,pg_catalog,pg_foreign_data_wrapper,0,0,0,0,0,0,0,0,0,0,0,0,0,0,,,,
1416262681.17299,pg_catalog,pg_opfamily,0,0,0,0,0,0,0,0,0,0,0,0,0,0,,,,
1416262681.17299,pg_catalog,pg_shdescription,0,0,0,0,0,0,0,0,0,0,0,0,0,0,0,0,0,0
1416262681.17299,pg_catalog,pg_tablespace,2,4,27191,27191,0,0,0,0,0,0,6145,21048,12324,42058,,,,
1416262681.17299,pg_catalog,pg_inherits,0,0,709,0,0,0,0,0,0,0,0,0,353,356,,,,
1416262681.17299,pg_toast,pg_toast_2606,0,0,0,0,0,0,0,0,0,0,0,0,0,0,,,,
1416262681.17299,pg_toast,pg_toast_2964,0,0,0,0,0,0,0,0,0,0,0,0,0,0,,,,
1416262681.17299,pg_catalog,pg_database,8891,35126,163488,163486,1,0,0,0,1,0,8145,164233,36652,205405,,,,
1416262681.17299,pg_toast,pg_toast_2620,0,0,0,0,0,0,0,0,0,0,0,0,0,0,,,,
1416262681.17299,pg_toast,pg_toast_12213,0,0,0,0,0,0,0,0,0,0,0,0,0,0,,,,
1416262681.17299,pg_catalog,pg_amproc,532,1064,130049,193382,0,0,0,0,0,0,9707,118847,26540,269898,,,,
1416262681.17299,pg_catalog,pg_collation,0,0,0,0,0,0,0,0,0,0,0,0,0,0,,,,
1416262681.17299,pg_catalog,pg_constraint,0,0,312,152,160,0,152,0,10,40,88,883,160,1592,0,0,0,0
1416262681.17299,pg_catalog,pg_range,0,0,4765,0,0,0,0,0,0,0,0,0,6931,2599,,,,
1416262681.17299,pg_catalog,pg_user_mapping,0,0,0,0,0,0,0,0,0,0,0,0,0,0,,,,
1416262681.17299,public,partsupp,3,24000000,0,0,8000000,0,0,0,8000000,0,340611,954509,0,0,,,,
1416262681.17299,pg_catalog,pg_largeobject,0,0,0,0,0,0,0,0,0,0,0,0,0,0,,,,
1416262681.17299,pg_catalog,pg_namespace,6279,168676,464047,430690,28,0,0,0,28,0,6744,430296,17326,485384,,,,
1416262681.17299,pg_catalog,pg_authid,3089,3089,67111,67111,0,0,0,0,0,0,6950,63250,25822,108400,,,,
1416262681.17299,pg_toast,pg_toast_12193,0,0,0,0,0,0,0,0,0,0,0,0,0,0,,,,
1416262681.17299,pg_catalog,pg_index,13691,1627007,288044,409404,719,0,696,0,133,0,29460,404111,28187,321740,,,,
1416262681.17299,pg_catalog,pg_ts_dict,0,0,0,0,0,0,0,0,0,0,0,0,0,0,,,,
1416262681.17299,information_schema,sql_features,0,0,,,0,0,0,0,0,0,0,0,,,0,0,0,0
1416262681.17299,public,part,6,12000000,0,0,2000000,0,0,0,2000000,0,79007,327715,0,0,,,,
1416262681.17299,pg_catalog,pg_class,35532,8883300,1336636,1296296,1438,355,1405,341,321,58,72361,1571214,60428,2671625,,,,
1416262681.17299,pg_toast,pg_toast_12183,0,0,0,0,0,0,0,0,0,0,0,0,0,0,,,,
1416262681.17299,information_schema,sql_sizing_profiles,0,0,,,0,0,0,0,0,0,0,0,,,0,0,0,0
1416262681.17299,pg_toast,pg_toast_2396,0,0,0,0,0,0,0,0,0,0,0,0,0,0,,,,
1416262681.17299,pg_catalog,pg_enum,0,0,0,0,0,0,0,0,0,0,0,0,0,0,,,,
1416262681.17299,pg_catalog,pg_db_role_setting,0,0,117960,0,0,0,0,0,0,0,0,0,7973,109987,0,0,0,0
1416262681.17299,pg_catalog,pg_seclabel,0,0,3311,0,0,0,0,0,0,0,0,0,393,2918,0,0,0,0
1416262681.17299,pg_toast,pg_toast_2609,0,0,0,0,0,0,0,0,0,0,0,0,0,0,,,,
1416262681.17299,pg_toast,pg_toast_1255,0,0,0,0,0,0,0,0,0,0,0,0,0,0,,,,
1416262681.17299,public,lineitem,4,239944208,0,0,59986052,0,0,0,59986052,0,5270553,2364680,0,0,,,,
1416262681.17299,pg_catalog,pg_rewrite,0,0,22845,21780,355,0,355,0,112,20,10629,13953,4601,34505,9294,11478,3623,14263
1416262681.17299,pg_catalog,pg_ts_config,0,0,0,0,0,0,0,0,0,0,0,0,0,0,,,,
1416262681.17299,pg_catalog,pg_extension,0,0,0,0,0,0,0,0,0,0,0,0,0,0,,,,
1416262681.17299,pg_catalog,pg_amop,0,0,268522,372625,0,0,0,0,0,0,20647,351978,34865,546792,,,,
1416262681.17299,pg_catalog,pg_cast,0,0,846909,236185,0,0,0,0,0,0,8914,227271,11425,867988,,,,
1416262681.17299,public,orders,4,60000000,0,0,15000000,0,0,0,15000000,0,504554,1558780,0,0,,,,
1416262681.17299,pg_toast,pg_toast_2619,0,0,2859,5296,451,0,248,0,217,1,1564,2920,1822,3573,,,,
1416262681.17299,pg_toast,pg_toast_2604,0,0,0,0,0,0,0,0,0,0,0,0,0,0,,,,
1416262741.17506,pg_catalog,pg_auth_members,0,0,0,0,0,0,0,0,0,0,0,0,0,0,,,,
1416262741.17506,pg_catalog,pg_operator,0,0,202846,845508,0,0,0,0,0,0,60303,550446,45598,410709,,,,
1416262741.17506,pg_catalog,pg_aggregate,0,0,13540,13540,0,0,0,0,0,0,4550,8990,9093,15163,,,,
1416262741.17506,pg_catalog,pg_pltemplate,0,0,0,0,0,0,0,0,0,0,0,0,0,0,,,,
1416262741.17506,pg_toast,pg_toast_12188,0,0,0,0,0,0,0,0,0,0,0,0,0,0,,,,
1416262741.17506,pg_catalog,pg_description,0,0,3311,0,0,0,0,0,0,0,0,0,1277,6054,0,0,0,0
1416262741.17506,pg_catalog,pg_language,0,0,0,0,0,0,0,0,0,0,0,0,0,0,,,,
1416262741.17506,public,time_statistics,0,0,,,1,0,0,0,1,0,1,0,,,,,,
1416262741.17506,pg_catalog,pg_ts_parser,0,0,0,0,0,0,0,0,0,0,0,0,0,0,,,,
1416262741.17506,pg_catalog,pg_shseclabel,0,0,0,0,0,0,0,0,0,0,0,0,0,0,,,,
1416262741.17506,pg_catalog,pg_foreign_table,0,0,0,0,0,0,0,0,0,0,0,0,0,0,,,,
1416262741.17506,information_schema,sql_packages,0,0,,,0,0,0,0,0,0,0,0,,,0,0,0,0
1416262741.17506,information_schema,sql_parts,0,0,,,0,0,0,0,0,0,0,0,,,0,0,0,0
1416262741.17506,pg_catalog,pg_attrdef,0,0,0,0,0,0,0,0,0,0,0,0,0,0,0,0,0,0
1416262741.17506,pg_catalog,pg_ts_template,0,0,0,0,0,0,0,0,0,0,0,0,0,0,,,,
1416262741.17506,pg_catalog,pg_foreign_server,0,0,0,0,0,0,0,0,0,0,0,0,0,0,,,,
1416262741.17506,pg_catalog,pg_default_acl,0,0,2876,0,0,0,0,0,0,0,0,0,351,2525,,,,
1416262741.17506,pg_toast,pg_toast_12198,0,0,0,0,0,0,0,0,0,0,0,0,0,0,,,,
1416262741.17506,pg_toast,pg_toast_12208,0,0,0,0,0,0,0,0,0,0,0,0,0,0,,,,
1416262741.17506,public,region,2,10,0,0,5,0,0,0,5,0,1,3,0,0,,,,
1416262741.17506,pg_catalog,pg_attribute,2926,19418,875863,1694123,5577,200,5404,164,2420,10,92241,850410,43656,1771150,,,,
1416262741.17506,pg_catalog,pg_statistic,0,0,200036,148661,1295,3014,1248,2611,431,71,38223,119819,20761,410446,1565,2932,1822,3586
1416262741.17506,pg_toast,pg_toast_12203,0,0,0,0,0,0,0,0,0,0,0,0,0,0,,,,
1416262741.17506,pg_toast,pg_toast_2618,0,0,11890,38614,0,0,0,0,0,0,9294,11485,3623,14269,,,,
1416262741.17506,pg_toast,pg_toast_3596,0,0,0,0,0,0,0,0,0,0,0,0,0,0,,,,
1416262741.17506,pg_catalog,pg_depend,0,0,30531,32926,5646,0,5561,0,6289,155,5855,38277,10308,77172,,,,
1416262741.17506,information_schema,sql_languages,0,0,,,0,0,0,0,0,0,0,0,,,0,0,0,0
1416262741.17506,pg_catalog,pg_opclass,532,532,166370,1810042,0,0,0,0,0,0,13222,614016,25876,193530,,,,
1416262741.17506,pg_catalog,pg_proc,0,0,372891,548615,0,0,0,0,0,0,69604,359980,68926,756889,0,0,0,0
1416262741.17506,information_schema,sql_implementation_info,0,0,,,0,0,0,0,0,0,0,0,,,0,0,0,0
1416262741.17506,pg_catalog,pg_trigger,0,0,0,0,0,0,0,0,0,0,0,0,0,0,0,0,0,0
1416262741.17506,pg_catalog,pg_am,37068,37068,0,0,0,0,0,0,0,0,7760,29308,0,0,,,,
1416262741.17506,pg_catalog,pg_largeobject_metadata,0,0,0,0,0,0,0,0,0,0,0,0,0,0,,,,
1416262741.17506,pg_catalog,pg_ts_config_map,0,0,0,0,0,0,0,0,0,0,0,0,0,0,,,,
1416262741.17506,pg_catalog,pg_type,0,0,693915,688750,1418,0,1399,0,349,0,23273,671787,29063,1383333,,,,
1416262741.17506,pg_catalog,pg_shdepend,0,0,4060,748,0,0,0,0,0,0,348,400,1569,3921,,,,
1416262741.17506,information_schema,sql_sizing,0,0,,,0,0,0,0,0,0,0,0,,,0,0,0,0
1416262741.17506,public,nation,2,50,0,0,25,0,0,0,25,0,1,3,0,0,,,,
1416262741.17506,public,supplier,4,400000,0,0,100000,0,0,0,100000,0,2312,15648,0,0,,,,
1416262741.17506,public,customer,6,9000000,0,0,1500000,0,0,0,1500000,0,68533,294857,0,0,,,,
1416262741.17506,pg_catalog,pg_conversion,0,0,0,0,0,0,0,0,0,0,0,0,0,0,,,,
1416262741.17506,pg_catalog,pg_foreign_data_wrapper,0,0,0,0,0,0,0,0,0,0,0,0,0,0,,,,
1416262741.17506,pg_catalog,pg_opfamily,0,0,0,0,0,0,0,0,0,0,0,0,0,0,,,,
1416262741.17506,pg_catalog,pg_shdescription,0,0,0,0,0,0,0,0,0,0,0,0,0,0,0,0,0,0
1416262741.17506,pg_catalog,pg_tablespace,2,4,27196,27196,0,0,0,0,0,0,6145,21053,12324,42068,,,,
1416262741.17506,pg_catalog,pg_inherits,0,0,709,0,0,0,0,0,0,0,0,0,353,356,,,,
1416262741.17506,pg_toast,pg_toast_2606,0,0,0,0,0,0,0,0,0,0,0,0,0,0,,,,
1416262741.17506,pg_toast,pg_toast_2964,0,0,0,0,0,0,0,0,0,0,0,0,0,0,,,,
1416262741.17506,pg_catalog,pg_database,8894,35138,163521,163519,1,0,0,0,1,0,8145,164269,36652,205452,,,,
1416262741.17506,pg_toast,pg_toast_2620,0,0,0,0,0,0,0,0,0,0,0,0,0,0,,,,
1416262741.17506,pg_toast,pg_toast_12213,0,0,0,0,0,0,0,0,0,0,0,0,0,0,,,,
1416262741.17506,pg_catalog,pg_amproc,532,1064,130074,193420,0,0,0,0,0,0,9707,118871,26540,269954,,,,
1416262741.17506,pg_catalog,pg_collation,0,0,0,0,0,0,0,0,0,0,0,0,0,0,,,,
1416262741.17506,pg_catalog,pg_constraint,0,0,312,152,160,0,152,0,10,40,88,883,160,1592,0,0,0,0
1416262741.17506,pg_catalog,pg_range,0,0,4765,0,0,0,0,0,0,0,0,0,6931,2599,,,,
1416262741.17506,pg_catalog,pg_user_mapping,0,0,0,0,0,0,0,0,0,0,0,0,0,0,,,,
1416262741.17506,public,partsupp,3,24000000,0,0,8000000,0,0,0,8000000,0,340611,954509,0,0,,,,
1416262741.17506,pg_catalog,pg_largeobject,0,0,0,0,0,0,0,0,0,0,0,0,0,0,,,,
1416262741.17506,pg_catalog,pg_namespace,6281,168744,464203,430838,28,0,0,0,28,0,6744,430446,17326,485550,,,,
1416262741.17506,pg_catalog,pg_authid,3090,3090,67122,67122,0,0,0,0,0,0,6950,63262,25822,108422,,,,
1416262741.17506,pg_toast,pg_toast_12193,0,0,0,0,0,0,0,0,0,0,0,0,0,0,,,,
1416262741.17506,pg_catalog,pg_index,13695,1627539,288108,409491,722,0,696,0,136,0,29460,404207,28187,321825,,,,
1416262741.17506,pg_catalog,pg_ts_dict,0,0,0,0,0,0,0,0,0,0,0,0,0,0,,,,
1416262741.17506,information_schema,sql_features,0,0,,,0,0,0,0,0,0,0,0,,,0,0,0,0
1416262741.17506,public,part,6,12000000,0,0,2000000,0,0,0,2000000,0,79007,327715,0,0,,,,
1416262741.17506,pg_catalog,pg_class,35543,8886274,1337028,1296679,1441,355,1405,341,324,58,72361,1571729,60428,2672436,,,,
1416262741.17506,pg_toast,pg_toast_12183,0,0,0,0,0,0,0,0,0,0,0,0,0,0,,,,
1416262741.17506,information_schema,sql_sizing_profiles,0,0,,,0,0,0,0,0,0,0,0,,,0,0,0,0
1416262741.17506,pg_toast,pg_toast_2396,0,0,0,0,0,0,0,0,0,0,0,0,0,0,,,,
1416262741.17506,pg_catalog,pg_enum,0,0,0,0,0,0,0,0,0,0,0,0,0,0,,,,
1416262741.17506,pg_catalog,pg_db_role_setting,0,0,117981,0,0,0,0,0,0,0,0,0,7973,110008,0,0,0,0
1416262741.17506,pg_catalog,pg_seclabel,0,0,3311,0,0,0,0,0,0,0,0,0,393,2918,0,0,0,0
1416262741.17506,pg_toast,pg_toast_2609,0,0,0,0,0,0,0,0,0,0,0,0,0,0,,,,
1416262741.17506,pg_toast,pg_toast_1255,0,0,0,0,0,0,0,0,0,0,0,0,0,0,,,,
1416262741.17506,public,lineitem,7,419902364,0,0,59986052,0,0,0,59986052,0,8256908,2574576,0,0,,,,
1416262741.17506,pg_catalog,pg_rewrite,0,0,22852,21787,355,0,355,0,112,20,10629,13960,4601,34517,9294,11485,3623,14269
1416262741.17506,pg_catalog,pg_ts_config,0,0,0,0,0,0,0,0,0,0,0,0,0,0,,,,
1416262741.17506,pg_catalog,pg_extension,0,0,0,0,0,0,0,0,0,0,0,0,0,0,,,,
1416262741.17506,pg_catalog,pg_amop,0,0,268567,372678,0,0,0,0,0,0,20647,352031,34865,546892,,,,
1416262741.17506,pg_catalog,pg_cast,0,0,847062,236244,0,0,0,0,0,0,8914,227330,11425,868150,,,,
1416262741.17506,public,orders,4,60000000,0,0,15000000,0,0,0,15000000,0,504554,1558780,0,0,,,,
1416262741.17506,pg_toast,pg_toast_2619,0,0,2864,5302,455,0,248,0,221,1,1565,2932,1822,3586,,,,
1416262741.17506,pg_toast,pg_toast_2604,0,0,0,0,0,0,0,0,0,0,0,0,0,0,,,,
1416262801.17682,pg_catalog,pg_auth_members,0,0,0,0,0,0,0,0,0,0,0,0,0,0,,,,
1416262801.17682,pg_catalog,pg_operator,0,0,202863,845525,0,0,0,0,0,0,60303,550463,45598,410751,,,,
1416262801.17682,pg_catalog,pg_aggregate,0,0,13541,13541,0,0,0,0,0,0,4550,8991,9093,15165,,,,
1416262801.17682,pg_catalog,pg_pltemplate,0,0,0,0,0,0,0,0,0,0,0,0,0,0,,,,
1416262801.17682,pg_toast,pg_toast_12188,0,0,0,0,0,0,0,0,0,0,0,0,0,0,,,,
1416262801.17682,pg_catalog,pg_description,0,0,3311,0,0,0,0,0,0,0,0,0,1277,6054,0,0,0,0
1416262801.17682,pg_catalog,pg_language,0,0,0,0,0,0,0,0,0,0,0,0,0,0,,,,
1416262801.17682,public,time_statistics,0,0,,,1,0,0,0,1,0,1,0,,,,,,
1416262801.17682,pg_catalog,pg_ts_parser,0,0,0,0,0,0,0,0,0,0,0,0,0,0,,,,
1416262801.17682,pg_catalog,pg_shseclabel,0,0,0,0,0,0,0,0,0,0,0,0,0,0,,,,
1416262801.17682,pg_catalog,pg_foreign_table,0,0,0,0,0,0,0,0,0,0,0,0,0,0,,,,
1416262801.17682,information_schema,sql_packages,0,0,,,0,0,0,0,0,0,0,0,,,0,0,0,0
1416262801.17682,information_schema,sql_parts,0,0,,,0,0,0,0,0,0,0,0,,,0,0,0,0
1416262801.17682,pg_catalog,pg_attrdef,0,0,0,0,0,0,0,0,0,0,0,0,0,0,0,0,0,0
1416262801.17682,pg_catalog,pg_ts_template,0,0,0,0,0,0,0,0,0,0,0,0,0,0,,,,
1416262801.17682,pg_catalog,pg_foreign_server,0,0,0,0,0,0,0,0,0,0,0,0,0,0,,,,
1416262801.17682,pg_catalog,pg_default_acl,0,0,2876,0,0,0,0,0,0,0,0,0,351,2525,,,,
1416262801.17682,pg_toast,pg_toast_12198,0,0,0,0,0,0,0,0,0,0,0,0,0,0,,,,
1416262801.17682,pg_toast,pg_toast_12208,0,0,0,0,0,0,0,0,0,0,0,0,0,0,,,,
1416262801.17682,public,region,2,10,0,0,5,0,0,0,5,0,1,3,0,0,,,,
1416262801.17682,pg_catalog,pg_attribute,2926,19418,876054,1694437,5577,200,5404,164,2420,10,92241,850602,43656,1771538,,,,
1416262801.17682,pg_catalog,pg_statistic,0,0,200061,148680,1295,3014,1248,2611,431,71,38223,119838,20761,410501,1565,2935,1822,3592
1416262801.17682,pg_toast,pg_toast_12203,0,0,0,0,0,0,0,0,0,0,0,0,0,0,,,,
1416262801.17682,pg_toast,pg_toast_2618,0,0,11894,38627,0,0,0,0,0,0,9294,11492,3623,14275,,,,
1416262801.17682,pg_toast,pg_toast_3596,0,0,0,0,0,0,0,0,0,0,0,0,0,0,,,,
1416262801.17682,pg_catalog,pg_depend,0,0,30531,32926,5646,0,5561,0,6289,155,5855,38277,10308,77172,,,,
1416262801.17682,information_schema,sql_languages,0,0,,,0,0,0,0,0,0,0,0,,,0,0,0,0
1416262801.17682,pg_catalog,pg_opclass,532,532,166387,1810215,0,0,0,0,0,0,13222,614072,25876,193556,,,,
1416262801.17682,pg_catalog,pg_proc,0,0,372967,548726,0,0,0,0,0,0,69604,360071,68926,757056,0,0,0,0
1416262801.17682,information_schema,sql_implementation_info,0,0,,,0,0,0,0,0,0,0,0,,,0,0,0,0
1416262801.17682,pg_catalog,pg_trigger,0,0,0,0,0,0,0,0,0,0,0,0,0,0,0,0,0,0
1416262801.17682,pg_catalog,pg_am,37074,37074,0,0,0,0,0,0,0,0,7760,29314,0,0,,,,
1416262801.17682,pg_catalog,pg_largeobject_metadata,0,0,0,0,0,0,0,0,0,0,0,0,0,0,,,,
1416262801.17682,pg_catalog,pg_ts_config_map,0,0,0,0,0,0,0,0,0,0,0,0,0,0,,,,
1416262801.17682,pg_catalog,pg_type,0,0,694005,688840,1418,0,1399,0,349,0,23273,671877,29063,1383518,,,,
1416262801.17682,pg_catalog,pg_shdepend,0,0,4060,748,0,0,0,0,0,0,348,400,1569,3921,,,,
1416262801.17682,information_schema,sql_sizing,0,0,,,0,0,0,0,0,0,0,0,,,0,0,0,0
1416262801.17682,public,nation,2,50,0,0,25,0,0,0,25,0,1,3,0,0,,,,
1416262801.17682,public,supplier,4,400000,0,0,100000,0,0,0,100000,0,2312,15648,0,0,,,,
1416262801.17682,public,customer,6,9000000,0,0,1500000,0,0,0,1500000,0,68533,294857,0,0,,,,
1416262801.17682,pg_catalog,pg_conversion,0,0,0,0,0,0,0,0,0,0,0,0,0,0,,,,
1416262801.17682,pg_catalog,pg_foreign_data_wrapper,0,0,0,0,0,0,0,0,0,0,0,0,0,0,,,,
1416262801.17682,pg_catalog,pg_opfamily,0,0,0,0,0,0,0,0,0,0,0,0,0,0,,,,
1416262801.17682,pg_catalog,pg_shdescription,0,0,0,0,0,0,0,0,0,0,0,0,0,0,0,0,0,0
1416262801.17682,pg_catalog,pg_tablespace,2,4,27201,27201,0,0,0,0,0,0,6145,21058,12324,42078,,,,
1416262801.17682,pg_catalog,pg_inherits,0,0,709,0,0,0,0,0,0,0,0,0,353,356,,,,
1416262801.17682,pg_toast,pg_toast_2606,0,0,0,0,0,0,0,0,0,0,0,0,0,0,,,,
1416262801.17682,pg_toast,pg_toast_2964,0,0,0,0,0,0,0,0,0,0,0,0,0,0,,,,
1416262801.17682,pg_catalog,pg_database,8897,35150,163551,163549,1,0,0,0,1,0,8145,164302,36652,205496,,,,
1416262801.17682,pg_toast,pg_toast_2620,0,0,0,0,0,0,0,0,0,0,0,0,0,0,,,,
1416262801.17682,pg_toast,pg_toast_12213,0,0,0,0,0,0,0,0,0,0,0,0,0,0,,,,
1416262801.17682,pg_catalog,pg_amproc,532,1064,130090,193445,0,0,0,0,0,0,9707,118887,26540,269992,,,,
1416262801.17682,pg_catalog,pg_collation,0,0,0,0,0,0,0,0,0,0,0,0,0,0,,,,
1416262801.17682,pg_catalog,pg_constraint,0,0,312,152,160,0,152,0,10,40,88,883,160,1592,0,0,0,0
1416262801.17682,pg_catalog,pg_range,0,0,4765,0,0,0,0,0,0,0,0,0,6931,2599,,,,
1416262801.17682,pg_catalog,pg_user_mapping,0,0,0,0,0,0,0,0,0,0,0,0,0,0,,,,
1416262801.17682,public,partsupp,3,24000000,0,0,8000000,0,0,0,8000000,0,340611,954509,0,0,,,,
1416262801.17682,pg_catalog,pg_largeobject,0,0,0,0,0,0,0,0,0,0,0,0,0,0,,,,
1416262801.17682,pg_catalog,pg_namespace,6283,168812,464355,430985,28,0,0,0,28,0,6744,430595,17326,485709,,,,
1416262801.17682,pg_catalog,pg_authid,3091,3091,67132,67132,0,0,0,0,0,0,6950,63273,25822,108442,,,,
1416262801.17682,pg_toast,pg_toast_12193,0,0,0,0,0,0,0,0,0,0,0,0,0,0,,,,
1416262801.17682,pg_catalog,pg_index,13699,1628083,288142,409535,722,0,696,0,136,0,29460,404261,28187,321870,,,,
1416262801.17682,pg_catalog,pg_ts_dict,0,0,0,0,0,0,0,0,0,0,0,0,0,0,,,,
1416262801.17682,information_schema,sql_features,0,0,,,0,0,0,0,0,0,0,0,,,0,0,0,0
1416262801.17682,public,part,6,12000000,0,0,2000000,0,0,0,2000000,0,79007,327715,0,0,,,,
1416262801.17682,pg_catalog,pg_class,35554,8889273,1337360,1297011,1441,355,1405,341,324,58,72361,1572172,60428,2673112,,,,
1416262801.17682,pg_toast,pg_toast_12183,0,0,0,0,0,0,0,0,0,0,0,0,0,0,,,,
1416262801.17682,information_schema,sql_sizing_profiles,0,0,,,0,0,0,0,0,0,0,0,,,0,0,0,0
1416262801.17682,pg_toast,pg_toast_2396,0,0,0,0,0,0,0,0,0,0,0,0,0,0,,,,
1416262801.17682,pg_catalog,pg_enum,0,0,0,0,0,0,0,0,0,0,0,0,0,0,,,,
1416262801.17682,pg_catalog,pg_db_role_setting,0,0,118002,0,0,0,0,0,0,0,0,0,7973,110029,0,0,0,0
1416262801.17682,pg_catalog,pg_seclabel,0,0,3311,0,0,0,0,0,0,0,0,0,393,2918,0,0,0,0
1416262801.17682,pg_toast,pg_toast_2609,0,0,0,0,0,0,0,0,0,0,0,0,0,0,,,,
1416262801.17682,pg_toast,pg_toast_1255,0,0,0,0,0,0,0,0,0,0,0,0,0,0,,,,
1416262801.17682,public,lineitem,7,419902364,0,0,59986052,0,0,0,59986052,0,8256908,2574576,0,0,,,,
1416262801.17682,pg_catalog,pg_rewrite,0,0,22859,21794,355,0,355,0,112,20,10629,13967,4601,34529,9294,11492,3623,14275
1416262801.17682,pg_catalog,pg_ts_config,0,0,0,0,0,0,0,0,0,0,0,0,0,0,,,,
1416262801.17682,pg_catalog,pg_extension,0,0,0,0,0,0,0,0,0,0,0,0,0,0,,,,
1416262801.17682,pg_catalog,pg_amop,0,0,268600,372719,0,0,0,0,0,0,20647,352072,34865,546966,,,,
1416262801.17682,pg_catalog,pg_cast,0,0,847130,236272,0,0,0,0,0,0,8914,227358,11425,868223,,,,
1416262801.17682,public,orders,4,60000000,0,0,15000000,0,0,0,15000000,0,504554,1558780,0,0,,,,
1416262801.17682,pg_toast,pg_toast_2619,0,0,2867,5308,455,0,248,0,221,1,1565,2935,1822,3592,,,,
1416262801.17682,pg_toast,pg_toast_2604,0,0,0,0,0,0,0,0,0,0,0,0,0,0,,,,
